file_path,scope,review_status,reviewer,related_audit_ids
.gitattributes,仓库根,已读,agent-delivery/主审,AUD-DEL/AUD-DEP
.github/workflows/application.yml,CI,全读(主审配方核查),主审+agent-deploy,AUD-DEP/AUD-TST
.github/workflows/repository-contracts.yml,CI,全读(主审配方核查),主审+agent-deploy,AUD-DEP/AUD-TST
.gitignore,仓库根,已读,agent-delivery/主审,AUD-DEL/AUD-DEP
CONTRIBUTING.md,仓库根,已读,agent-delivery/主审,AUD-DEL/AUD-DEP
README.md,仓库根,已读,agent-delivery/主审,AUD-DEL/AUD-DEP
ZCODE_HANDOFF.md,仓库根,已读,agent-delivery/主审,AUD-DEL/AUD-DEP
docs/repository/AUDIT_20260919.md,仓库级文档/审计,抽样+旧审计待复验清单(agent-delivery),agent-delivery,AUD-DEL
docs/repository/CLEANUP_PROPOSAL.md,仓库级文档/审计,抽样+旧审计待复验清单(agent-delivery),agent-delivery,AUD-DEL
docs/repository/DELIVERY.md,仓库级文档/审计,抽样+旧审计待复验清单(agent-delivery),agent-delivery,AUD-DEL
docs/repository/FIXES_20260919.md,仓库级文档/审计,抽样+旧审计待复验清单(agent-delivery),agent-delivery,AUD-DEL
docs/repository/LICENSE_STATUS.md,仓库级文档/审计,抽样+旧审计待复验清单(agent-delivery),agent-delivery,AUD-DEL
docs/repository/STRUCTURE.md,仓库级文档/审计,抽样+旧审计待复验清单(agent-delivery),agent-delivery,AUD-DEL
docs/repository/cleanup_candidates.tsv,仓库级文档/审计,抽样+旧审计待复验清单(agent-delivery),agent-delivery,AUD-DEL
docs/repository/cleanup_inventory.json,仓库级文档/审计,抽样+旧审计待复验清单(agent-delivery),agent-delivery,AUD-DEL
docs/repository/cleanup_inventory.md,仓库级文档/审计,抽样+旧审计待复验清单(agent-delivery),agent-delivery,AUD-DEL
docs/repository/cleanup_inventory.tsv,仓库级文档/审计,抽样+旧审计待复验清单(agent-delivery),agent-delivery,AUD-DEL
docs/repository/deduplication_mapping.json,仓库级文档/审计,抽样+旧审计待复验清单(agent-delivery),agent-delivery,AUD-DEL
docs/repository/deletion_request.json,仓库级文档/审计,抽样+旧审计待复验清单(agent-delivery),agent-delivery,AUD-DEL
docs/repository/evidence/api_backend_notes.md,仓库级文档/审计,抽样+旧审计待复验清单(agent-delivery),agent-delivery,AUD-DEL
docs/repository/evidence/api_repro_results.json,仓库级文档/审计,抽样+旧审计待复验清单(agent-delivery),agent-delivery,AUD-DEL
docs/repository/evidence/backend_audit.md,仓库级文档/审计,抽样+旧审计待复验清单(agent-delivery),agent-delivery,AUD-DEL
docs/repository/evidence/backend_repro_results.json,仓库级文档/审计,抽样+旧审计待复验清单(agent-delivery),agent-delivery,AUD-DEL
docs/repository/evidence/deployment_audit.md,仓库级文档/审计,抽样+旧审计待复验清单(agent-delivery),agent-delivery,AUD-DEL
docs/repository/evidence/report_ui_audit.md,仓库级文档/审计,抽样+旧审计待复验清单(agent-delivery),agent-delivery,AUD-DEL
docs/repository/evidence/requirements_audit.md,仓库级文档/审计,抽样+旧审计待复验清单(agent-delivery),agent-delivery,AUD-DEL
docs/repository/execution_status.json,仓库级文档/审计,抽样+旧审计待复验清单(agent-delivery),agent-delivery,AUD-DEL
docs/repository/main_only_inventory.tsv,仓库级文档/审计,抽样+旧审计待复验清单(agent-delivery),agent-delivery,AUD-DEL
docs/repository/media_facts.json,仓库级文档/审计,抽样+旧审计待复验清单(agent-delivery),agent-delivery,AUD-DEL
docs/独立审查报告_20260921.md,仓库级文档/审计,抽样+旧审计待复验清单(agent-delivery),agent-delivery,AUD-DEL
docs/赛题要求逐条对照验收_20260920.md,仓库级文档/审计,抽样+旧审计待复验清单(agent-delivery),agent-delivery,AUD-DEL
docs/问题清单_全面审计_20260921.md,仓库级文档/审计,抽样+旧审计待复验清单(agent-delivery),agent-delivery,AUD-DEL
docs/项目评估报告_20260920.md,仓库级文档/审计,抽样+旧审计待复验清单(agent-delivery),agent-delivery,AUD-DEL
tools/verify_repository.py,仓库根,已读,agent-delivery/主审,AUD-DEL/AUD-DEP
双模型接续审计.md,仓库根,已读,agent-delivery/主审,AUD-DEL/AUD-DEP
药衡智析_增量源码交接/README.md,其他,已列清单,主审,'-
药衡智析_增量源码交接/prepare_team_workspace.py,其他,已列清单,主审,'-
药衡智析_增量源码交接/public_source_candidate/.dockerignore,其他,已列清单,主审,'-
药衡智析_增量源码交接/public_source_candidate/00_赛题原始资料/7.（创灵境）2026年第二届重庆市AI大模型创新应用大赛企业出题.docx,赛题原始资料,关键件全读(DOCX/RPA/README/问题报告/CSV表头)+PDF文本层由知识链覆盖,主审,REQ来源
药衡智析_增量源码交接/public_source_candidate/00_赛题原始资料/创灵境_考题模拟数据1.1.zip,赛题原始资料,关键件全读(DOCX/RPA/README/问题报告/CSV表头)+PDF文本层由知识链覆盖,主审,REQ来源
药衡智析_增量源码交接/public_source_candidate/00_赛题原始资料/模拟数据_V1.1_净化解压/创灵境_考题模拟数据/01_成本明细数据/中药一厂_人工工时明细_2026年1-6月.csv,赛题原始资料,关键件全读(DOCX/RPA/README/问题报告/CSV表头)+PDF文本层由知识链覆盖,主审,REQ来源
药衡智析_增量源码交接/public_source_candidate/00_赛题原始资料/模拟数据_V1.1_净化解压/创灵境_考题模拟数据/01_成本明细数据/中药一厂_制造费用明细_2026年1-6月.csv,赛题原始资料,关键件全读(DOCX/RPA/README/问题报告/CSV表头)+PDF文本层由知识链覆盖,主审,REQ来源
药衡智析_增量源码交接/public_source_candidate/00_赛题原始资料/模拟数据_V1.1_净化解压/创灵境_考题模拟数据/01_成本明细数据/中药一厂_原材料消耗明细_2026年1-6月.csv,赛题原始资料,关键件全读(DOCX/RPA/README/问题报告/CSV表头)+PDF文本层由知识链覆盖,主审,REQ来源
药衡智析_增量源码交接/public_source_candidate/00_赛题原始资料/模拟数据_V1.1_净化解压/创灵境_考题模拟数据/01_成本明细数据/中药一厂_成本汇总_2025年1-6月.csv,赛题原始资料,关键件全读(DOCX/RPA/README/问题报告/CSV表头)+PDF文本层由知识链覆盖,主审,REQ来源
药衡智析_增量源码交接/public_source_candidate/00_赛题原始资料/模拟数据_V1.1_净化解压/创灵境_考题模拟数据/01_成本明细数据/中药一厂_成本汇总_2026年1-6月.csv,赛题原始资料,关键件全读(DOCX/RPA/README/问题报告/CSV表头)+PDF文本层由知识链覆盖,主审,REQ来源
药衡智析_增量源码交接/public_source_candidate/00_赛题原始资料/模拟数据_V1.1_净化解压/创灵境_考题模拟数据/01_成本明细数据/中药一厂_预算数据_2026年.csv,赛题原始资料,关键件全读(DOCX/RPA/README/问题报告/CSV表头)+PDF文本层由知识链覆盖,主审,REQ来源
药衡智析_增量源码交接/public_source_candidate/00_赛题原始资料/模拟数据_V1.1_净化解压/创灵境_考题模拟数据/01_成本明细数据/中药二厂_成本汇总_2025年1-6月.csv,赛题原始资料,关键件全读(DOCX/RPA/README/问题报告/CSV表头)+PDF文本层由知识链覆盖,主审,REQ来源
药衡智析_增量源码交接/public_source_candidate/00_赛题原始资料/模拟数据_V1.1_净化解压/创灵境_考题模拟数据/01_成本明细数据/中药二厂_成本汇总_2026年1-6月.csv,赛题原始资料,关键件全读(DOCX/RPA/README/问题报告/CSV表头)+PDF文本层由知识链覆盖,主审,REQ来源
药衡智析_增量源码交接/public_source_candidate/00_赛题原始资料/模拟数据_V1.1_净化解压/创灵境_考题模拟数据/02_行业参考数据/药材市场价格行情_2026年上半年.csv,赛题原始资料,关键件全读(DOCX/RPA/README/问题报告/CSV表头)+PDF文本层由知识链覆盖,主审,REQ来源
药衡智析_增量源码交接/public_source_candidate/00_赛题原始资料/模拟数据_V1.1_净化解压/创灵境_考题模拟数据/02_行业参考数据/行业成本基准数据_2026.csv,赛题原始资料,关键件全读(DOCX/RPA/README/问题报告/CSV表头)+PDF文本层由知识链覆盖,主审,REQ来源
药衡智析_增量源码交接/public_source_candidate/00_赛题原始资料/模拟数据_V1.1_净化解压/创灵境_考题模拟数据/03_制药知识文档/GMP法规核心摘要_2010修订版.pdf,赛题原始资料,关键件全读(DOCX/RPA/README/问题报告/CSV表头)+PDF文本层由知识链覆盖,主审,REQ来源
药衡智析_增量源码交接/public_source_candidate/00_赛题原始资料/模拟数据_V1.1_净化解压/创灵境_考题模拟数据/03_制药知识文档/产品配方文档_六味地黄胶囊.pdf,赛题原始资料,关键件全读(DOCX/RPA/README/问题报告/CSV表头)+PDF文本层由知识链覆盖,主审,REQ来源
药衡智析_增量源码交接/public_source_candidate/00_赛题原始资料/模拟数据_V1.1_净化解压/创灵境_考题模拟数据/03_制药知识文档/产品配方文档_板蓝根颗粒.pdf,赛题原始资料,关键件全读(DOCX/RPA/README/问题报告/CSV表头)+PDF文本层由知识链覆盖,主审,REQ来源
药衡智析_增量源码交接/public_source_candidate/00_赛题原始资料/模拟数据_V1.1_净化解压/创灵境_考题模拟数据/03_制药知识文档/产品配方文档_银黄口服液.pdf,赛题原始资料,关键件全读(DOCX/RPA/README/问题报告/CSV表头)+PDF文本层由知识链覆盖,主审,REQ来源
药衡智析_增量源码交接/public_source_candidate/00_赛题原始资料/模拟数据_V1.1_净化解压/创灵境_考题模拟数据/03_制药知识文档/生产工艺文档_中药一厂.pdf,赛题原始资料,关键件全读(DOCX/RPA/README/问题报告/CSV表头)+PDF文本层由知识链覆盖,主审,REQ来源
药衡智析_增量源码交接/public_source_candidate/00_赛题原始资料/模拟数据_V1.1_净化解压/创灵境_考题模拟数据/03_制药知识文档/药品生产质量管理规范GMP.pdf,赛题原始资料,关键件全读(DOCX/RPA/README/问题报告/CSV表头)+PDF文本层由知识链覆盖,主审,REQ来源
药衡智析_增量源码交接/public_source_candidate/00_赛题原始资料/模拟数据_V1.1_净化解压/创灵境_考题模拟数据/03_制药知识文档/车间设备清单_中药一厂.pdf,赛题原始资料,关键件全读(DOCX/RPA/README/问题报告/CSV表头)+PDF文本层由知识链覆盖,主审,REQ来源
药衡智析_增量源码交接/public_source_candidate/00_赛题原始资料/模拟数据_V1.1_净化解压/创灵境_考题模拟数据/04_报告模板/月度成本分析报告模板.docx,赛题原始资料,关键件全读(DOCX/RPA/README/问题报告/CSV表头)+PDF文本层由知识链覆盖,主审,REQ来源
药衡智析_增量源码交接/public_source_candidate/00_赛题原始资料/模拟数据_V1.1_净化解压/创灵境_考题模拟数据/04_报告模板/月度成本分析报告模板.md,赛题原始资料,关键件全读(DOCX/RPA/README/问题报告/CSV表头)+PDF文本层由知识链覆盖,主审,REQ来源
药衡智析_增量源码交接/public_source_candidate/00_赛题原始资料/模拟数据_V1.1_净化解压/创灵境_考题模拟数据/05_RPA接口文档/Dockerfile,赛题原始资料,关键件全读(DOCX/RPA/README/问题报告/CSV表头)+PDF文本层由知识链覆盖,主审,REQ来源
药衡智析_增量源码交接/public_source_candidate/00_赛题原始资料/模拟数据_V1.1_净化解压/创灵境_考题模拟数据/05_RPA接口文档/mock_rpa_server.py,赛题原始资料,关键件全读(DOCX/RPA/README/问题报告/CSV表头)+PDF文本层由知识链覆盖,主审,REQ来源
药衡智析_增量源码交接/public_source_candidate/00_赛题原始资料/模拟数据_V1.1_净化解压/创灵境_考题模拟数据/05_RPA接口文档/requirements.txt,赛题原始资料,关键件全读(DOCX/RPA/README/问题报告/CSV表头)+PDF文本层由知识链覆盖,主审,REQ来源
药衡智析_增量源码交接/public_source_candidate/00_赛题原始资料/模拟数据_V1.1_净化解压/创灵境_考题模拟数据/05_RPA接口文档/模拟RPA接口文档.md,赛题原始资料,关键件全读(DOCX/RPA/README/问题报告/CSV表头)+PDF文本层由知识链覆盖,主审,REQ来源
药衡智析_增量源码交接/public_source_candidate/00_赛题原始资料/模拟数据_V1.1_净化解压/创灵境_考题模拟数据/README.md,赛题原始资料,关键件全读(DOCX/RPA/README/问题报告/CSV表头)+PDF文本层由知识链覆盖,主审,REQ来源
药衡智析_增量源码交接/public_source_candidate/00_赛题原始资料/模拟数据_V1.1_净化解压/创灵境_考题模拟数据/问题检查报告.md,赛题原始资料,关键件全读(DOCX/RPA/README/问题报告/CSV表头)+PDF文本层由知识链覆盖,主审,REQ来源
药衡智析_增量源码交接/public_source_candidate/00_赛题原始资料/赛题要求_企业出题创灵境.md,赛题原始资料,关键件全读(DOCX/RPA/README/问题报告/CSV表头)+PDF文本层由知识链覆盖,主审,REQ来源
药衡智析_增量源码交接/public_source_candidate/01_数据/00_原始/01_成本明细数据/中药一厂_人工工时明细_2026年1-6月.csv,运行数据-清洗,抽样+ingestion校验链覆盖,主审,AUD-ING
药衡智析_增量源码交接/public_source_candidate/01_数据/00_原始/01_成本明细数据/中药一厂_制造费用明细_2026年1-6月.csv,运行数据-清洗,抽样+ingestion校验链覆盖,主审,AUD-ING
药衡智析_增量源码交接/public_source_candidate/01_数据/00_原始/01_成本明细数据/中药一厂_原材料消耗明细_2026年1-6月.csv,运行数据-清洗,抽样+ingestion校验链覆盖,主审,AUD-ING
药衡智析_增量源码交接/public_source_candidate/01_数据/00_原始/01_成本明细数据/中药一厂_成本汇总_2025年1-6月.csv,运行数据-清洗,抽样+ingestion校验链覆盖,主审,AUD-ING
药衡智析_增量源码交接/public_source_candidate/01_数据/00_原始/01_成本明细数据/中药一厂_成本汇总_2026年1-6月.csv,运行数据-清洗,抽样+ingestion校验链覆盖,主审,AUD-ING
药衡智析_增量源码交接/public_source_candidate/01_数据/00_原始/01_成本明细数据/中药一厂_预算数据_2026年.csv,运行数据-清洗,抽样+ingestion校验链覆盖,主审,AUD-ING
药衡智析_增量源码交接/public_source_candidate/01_数据/00_原始/01_成本明细数据/中药二厂_成本汇总_2025年1-6月.csv,运行数据-清洗,抽样+ingestion校验链覆盖,主审,AUD-ING
药衡智析_增量源码交接/public_source_candidate/01_数据/00_原始/01_成本明细数据/中药二厂_成本汇总_2026年1-6月.csv,运行数据-清洗,抽样+ingestion校验链覆盖,主审,AUD-ING
药衡智析_增量源码交接/public_source_candidate/01_数据/00_原始/02_行业参考数据/药材市场价格行情_2026年上半年.csv,运行数据-清洗,抽样+ingestion校验链覆盖,主审,AUD-ING
药衡智析_增量源码交接/public_source_candidate/01_数据/00_原始/02_行业参考数据/行业成本基准数据_2026.csv,运行数据-清洗,抽样+ingestion校验链覆盖,主审,AUD-ING
药衡智析_增量源码交接/public_source_candidate/01_数据/01_清洗/01_成本明细数据/中药一厂_人工工时明细_2026年1-6月.csv,运行数据-清洗,抽样+ingestion校验链覆盖,主审,AUD-ING
药衡智析_增量源码交接/public_source_candidate/01_数据/01_清洗/01_成本明细数据/中药一厂_制造费用明细_2026年1-6月.csv,运行数据-清洗,抽样+ingestion校验链覆盖,主审,AUD-ING
药衡智析_增量源码交接/public_source_candidate/01_数据/01_清洗/01_成本明细数据/中药一厂_原材料消耗明细_2026年1-6月.csv,运行数据-清洗,抽样+ingestion校验链覆盖,主审,AUD-ING
药衡智析_增量源码交接/public_source_candidate/01_数据/01_清洗/01_成本明细数据/中药一厂_成本汇总_2025年1-6月.csv,运行数据-清洗,抽样+ingestion校验链覆盖,主审,AUD-ING
药衡智析_增量源码交接/public_source_candidate/01_数据/01_清洗/01_成本明细数据/中药一厂_成本汇总_2026年1-6月.csv,运行数据-清洗,抽样+ingestion校验链覆盖,主审,AUD-ING
药衡智析_增量源码交接/public_source_candidate/01_数据/01_清洗/01_成本明细数据/中药一厂_预算数据_2026年.csv,运行数据-清洗,抽样+ingestion校验链覆盖,主审,AUD-ING
药衡智析_增量源码交接/public_source_candidate/01_数据/01_清洗/01_成本明细数据/中药二厂_成本汇总_2025年1-6月.csv,运行数据-清洗,抽样+ingestion校验链覆盖,主审,AUD-ING
药衡智析_增量源码交接/public_source_candidate/01_数据/01_清洗/01_成本明细数据/中药二厂_成本汇总_2026年1-6月.csv,运行数据-清洗,抽样+ingestion校验链覆盖,主审,AUD-ING
药衡智析_增量源码交接/public_source_candidate/01_数据/01_清洗/02_行业参考数据/药材市场价格行情_2026年上半年.csv,运行数据-清洗,抽样+ingestion校验链覆盖,主审,AUD-ING
药衡智析_增量源码交接/public_source_candidate/01_数据/01_清洗/02_行业参考数据/行业成本基准数据_2026.csv,运行数据-清洗,抽样+ingestion校验链覆盖,主审,AUD-ING
药衡智析_增量源码交接/public_source_candidate/01_数据/02_分析输出/产品月度成本指标.csv,运行数据-清洗,抽样+ingestion校验链覆盖,主审,AUD-ING
药衡智析_增量源码交接/public_source_candidate/01_数据/02_分析输出/成本波动阈值告警.csv,运行数据-清洗,抽样+ingestion校验链覆盖,主审,AUD-ING
药衡智析_增量源码交接/public_source_candidate/01_数据/02_分析输出/推荐三场景指标.csv,运行数据-清洗,抽样+ingestion校验链覆盖,主审,AUD-ING
药衡智析_增量源码交接/public_source_candidate/02_知识库/01_解析/GMP法规核心摘要_2010修订版.md,知识库中间产物,抽样(agent-rag),agent-rag,AUD-RAG
药衡智析_增量源码交接/public_source_candidate/02_知识库/01_解析/产品配方文档_六味地黄胶囊.md,知识库中间产物,抽样(agent-rag),agent-rag,AUD-RAG
药衡智析_增量源码交接/public_source_candidate/02_知识库/01_解析/产品配方文档_板蓝根颗粒.md,知识库中间产物,抽样(agent-rag),agent-rag,AUD-RAG
药衡智析_增量源码交接/public_source_candidate/02_知识库/01_解析/产品配方文档_银黄口服液.md,知识库中间产物,抽样(agent-rag),agent-rag,AUD-RAG
药衡智析_增量源码交接/public_source_candidate/02_知识库/01_解析/生产工艺文档_中药一厂.md,知识库中间产物,抽样(agent-rag),agent-rag,AUD-RAG
药衡智析_增量源码交接/public_source_candidate/02_知识库/01_解析/药品生产质量管理规范GMP.md,知识库中间产物,抽样(agent-rag),agent-rag,AUD-RAG
药衡智析_增量源码交接/public_source_candidate/02_知识库/01_解析/车间设备清单_中药一厂.md,知识库中间产物,抽样(agent-rag),agent-rag,AUD-RAG
药衡智析_增量源码交接/public_source_candidate/02_知识库/02_清洗/GMP法规核心摘要_2010修订版.md,知识库中间产物,抽样(agent-rag),agent-rag,AUD-RAG
药衡智析_增量源码交接/public_source_candidate/02_知识库/02_清洗/产品配方文档_六味地黄胶囊.md,知识库中间产物,抽样(agent-rag),agent-rag,AUD-RAG
药衡智析_增量源码交接/public_source_candidate/02_知识库/02_清洗/产品配方文档_板蓝根颗粒.md,知识库中间产物,抽样(agent-rag),agent-rag,AUD-RAG
药衡智析_增量源码交接/public_source_candidate/02_知识库/02_清洗/产品配方文档_银黄口服液.md,知识库中间产物,抽样(agent-rag),agent-rag,AUD-RAG
药衡智析_增量源码交接/public_source_candidate/02_知识库/02_清洗/生产工艺文档_中药一厂.md,知识库中间产物,抽样(agent-rag),agent-rag,AUD-RAG
药衡智析_增量源码交接/public_source_candidate/02_知识库/02_清洗/药品生产质量管理规范GMP.md,知识库中间产物,抽样(agent-rag),agent-rag,AUD-RAG
药衡智析_增量源码交接/public_source_candidate/02_知识库/02_清洗/车间设备清单_中药一厂.md,知识库中间产物,抽样(agent-rag),agent-rag,AUD-RAG
药衡智析_增量源码交接/public_source_candidate/02_知识库/03_索引/chunks.jsonl,知识库中间产物,抽样(agent-rag),agent-rag,AUD-RAG
药衡智析_增量源码交接/public_source_candidate/02_知识库/03_索引/corpus_build_summary.json,知识库中间产物,抽样(agent-rag),agent-rag,AUD-RAG
药衡智析_增量源码交接/public_source_candidate/02_知识库/03_索引/document_manifest.csv,知识库中间产物,抽样(agent-rag),agent-rag,AUD-RAG
药衡智析_增量源码交接/public_source_candidate/05_原型/.env.example,其他,已列清单,主审,'-
药衡智析_增量源码交接/public_source_candidate/05_原型/assets/fonts/NotoSansSC-Bold.ttf,静态资源,清单确认（字体/许可文件存在性）,agent-deploy,AUD-DEP
药衡智析_增量源码交接/public_source_candidate/05_原型/assets/fonts/NotoSansSC-Regular.ttf,静态资源,清单确认（字体/许可文件存在性）,agent-deploy,AUD-DEP
药衡智析_增量源码交接/public_source_candidate/05_原型/assets/fonts/OFL.txt,静态资源,清单确认（字体/许可文件存在性）,agent-deploy,AUD-DEP
药衡智析_增量源码交接/public_source_candidate/05_原型/assets/fonts/manifest.json,静态资源,清单确认（字体/许可文件存在性）,agent-deploy,AUD-DEP
药衡智析_增量源码交接/public_source_candidate/05_原型/backend/pharma/__init__.py,后端源码,已读-子代理逐函数,主审+agent,AUD-CORE/AUD-IMP/AUD-REP/AUD-NAR/AUD-RAG/AUD-MDL/AUD-API/AUD-IND
药衡智析_增量源码交接/public_source_candidate/05_原型/backend/pharma/actions.py,后端源码,已读-子代理逐函数,主审+agent,AUD-CORE/AUD-IMP/AUD-REP/AUD-NAR/AUD-RAG/AUD-MDL/AUD-API/AUD-IND
药衡智析_增量源码交接/public_source_candidate/05_原型/backend/pharma/api.py,后端源码,已读-子代理逐函数,主审+agent,AUD-CORE/AUD-IMP/AUD-REP/AUD-NAR/AUD-RAG/AUD-MDL/AUD-API/AUD-IND
药衡智析_增量源码交接/public_source_candidate/05_原型/backend/pharma/attribution.py,后端源码,已读-亲读全文件,主审,AUD-CORE/AUD-IMP/AUD-REP/AUD-NAR/AUD-RAG/AUD-MDL/AUD-API/AUD-IND
药衡智析_增量源码交接/public_source_candidate/05_原型/backend/pharma/config.py,后端源码,已读-亲读全文件,主审,AUD-CORE/AUD-IMP/AUD-REP/AUD-NAR/AUD-RAG/AUD-MDL/AUD-API/AUD-IND
药衡智析_增量源码交接/public_source_candidate/05_原型/backend/pharma/context_services.py,后端源码,已读-子代理逐函数,主审+agent,AUD-CORE/AUD-IMP/AUD-REP/AUD-NAR/AUD-RAG/AUD-MDL/AUD-API/AUD-IND
药衡智析_增量源码交接/public_source_candidate/05_原型/backend/pharma/dashboard.py,后端源码,已读-亲读全文件,主审,AUD-CORE/AUD-IMP/AUD-REP/AUD-NAR/AUD-RAG/AUD-MDL/AUD-API/AUD-IND
药衡智析_增量源码交接/public_source_candidate/05_原型/backend/pharma/data_import.py,后端源码,已读-亲读关键段+子代理全文件,主审+agent,AUD-CORE/AUD-IMP/AUD-REP/AUD-NAR/AUD-RAG/AUD-MDL/AUD-API/AUD-IND
药衡智析_增量源码交接/public_source_candidate/05_原型/backend/pharma/decision.py,后端源码,已读-亲读全文件,主审,AUD-CORE/AUD-IMP/AUD-REP/AUD-NAR/AUD-RAG/AUD-MDL/AUD-API/AUD-IND
药衡智析_增量源码交接/public_source_candidate/05_原型/backend/pharma/docx_compat.py,后端源码,已读-子代理逐函数,主审+agent,AUD-CORE/AUD-IMP/AUD-REP/AUD-NAR/AUD-RAG/AUD-MDL/AUD-API/AUD-IND
药衡智析_增量源码交接/public_source_candidate/05_原型/backend/pharma/forecasting.py,后端源码,已读-亲读全文件,主审,AUD-CORE/AUD-IMP/AUD-REP/AUD-NAR/AUD-RAG/AUD-MDL/AUD-API/AUD-IND
药衡智析_增量源码交接/public_source_candidate/05_原型/backend/pharma/graph.py,后端源码,已读-子代理逐函数,主审+agent,AUD-CORE/AUD-IMP/AUD-REP/AUD-NAR/AUD-RAG/AUD-MDL/AUD-API/AUD-IND
药衡智析_增量源码交接/public_source_candidate/05_原型/backend/pharma/import_pipeline.py,后端源码,已读-子代理逐函数,主审+agent,AUD-CORE/AUD-IMP/AUD-REP/AUD-NAR/AUD-RAG/AUD-MDL/AUD-API/AUD-IND
药衡智析_增量源码交接/public_source_candidate/05_原型/backend/pharma/industry.py,后端源码,已读-子代理逐函数,主审+agent,AUD-CORE/AUD-IMP/AUD-REP/AUD-NAR/AUD-RAG/AUD-MDL/AUD-API/AUD-IND
药衡智析_增量源码交接/public_source_candidate/05_原型/backend/pharma/industry_rules.py,后端源码,已读-子代理逐函数,主审+agent,AUD-CORE/AUD-IMP/AUD-REP/AUD-NAR/AUD-RAG/AUD-MDL/AUD-API/AUD-IND
药衡智析_增量源码交接/public_source_candidate/05_原型/backend/pharma/ingestion.py,后端源码,已读-子代理逐函数,主审+agent,AUD-CORE/AUD-IMP/AUD-REP/AUD-NAR/AUD-RAG/AUD-MDL/AUD-API/AUD-IND
药衡智析_增量源码交接/public_source_candidate/05_原型/backend/pharma/jobs.py,后端源码,已读-子代理逐函数,主审+agent,AUD-CORE/AUD-IMP/AUD-REP/AUD-NAR/AUD-RAG/AUD-MDL/AUD-API/AUD-IND
药衡智析_增量源码交接/public_source_candidate/05_原型/backend/pharma/knowledge.py,后端源码,已读-子代理逐函数,主审+agent,AUD-CORE/AUD-IMP/AUD-REP/AUD-NAR/AUD-RAG/AUD-MDL/AUD-API/AUD-IND
药衡智析_增量源码交接/public_source_candidate/05_原型/backend/pharma/local_validation.py,后端源码,已读-子代理逐函数,主审+agent,AUD-CORE/AUD-IMP/AUD-REP/AUD-NAR/AUD-RAG/AUD-MDL/AUD-API/AUD-IND
药衡智析_增量源码交接/public_source_candidate/05_原型/backend/pharma/locks.py,后端源码,已读-子代理逐函数,主审+agent,AUD-CORE/AUD-IMP/AUD-REP/AUD-NAR/AUD-RAG/AUD-MDL/AUD-API/AUD-IND
药衡智析_增量源码交接/public_source_candidate/05_原型/backend/pharma/metric_contract.py,后端源码,已读-亲读全文件,主审,AUD-CORE/AUD-IMP/AUD-REP/AUD-NAR/AUD-RAG/AUD-MDL/AUD-API/AUD-IND
药衡智析_增量源码交接/public_source_candidate/05_原型/backend/pharma/metrics.py,后端源码,已读-亲读全文件,主审,AUD-CORE/AUD-IMP/AUD-REP/AUD-NAR/AUD-RAG/AUD-MDL/AUD-API/AUD-IND
药衡智析_增量源码交接/public_source_candidate/05_原型/backend/pharma/model_registry.py,后端源码,已读-子代理逐函数,主审+agent,AUD-CORE/AUD-IMP/AUD-REP/AUD-NAR/AUD-RAG/AUD-MDL/AUD-API/AUD-IND
药衡智析_增量源码交接/public_source_candidate/05_原型/backend/pharma/model_settings.py,后端源码,已读-子代理逐函数,主审+agent,AUD-CORE/AUD-IMP/AUD-REP/AUD-NAR/AUD-RAG/AUD-MDL/AUD-API/AUD-IND
药衡智析_增量源码交接/public_source_candidate/05_原型/backend/pharma/narrative.py,后端源码,已读-子代理逐函数,主审+agent,AUD-CORE/AUD-IMP/AUD-REP/AUD-NAR/AUD-RAG/AUD-MDL/AUD-API/AUD-IND
药衡智析_增量源码交接/public_source_candidate/05_原型/backend/pharma/reference_report.py,后端源码,已读-子代理逐函数,主审+agent,AUD-CORE/AUD-IMP/AUD-REP/AUD-NAR/AUD-RAG/AUD-MDL/AUD-API/AUD-IND
药衡智析_增量源码交接/public_source_candidate/05_原型/backend/pharma/reports.py,后端源码,已读-子代理逐函数,主审+agent,AUD-CORE/AUD-IMP/AUD-REP/AUD-NAR/AUD-RAG/AUD-MDL/AUD-API/AUD-IND
药衡智析_增量源码交接/public_source_candidate/05_原型/backend/pharma/reviews.py,后端源码,已读-子代理逐函数,主审+agent,AUD-CORE/AUD-IMP/AUD-REP/AUD-NAR/AUD-RAG/AUD-MDL/AUD-API/AUD-IND
药衡智析_增量源码交接/public_source_candidate/05_原型/backend/pharma/revision.py,后端源码,已读-子代理逐函数,主审+agent,AUD-CORE/AUD-IMP/AUD-REP/AUD-NAR/AUD-RAG/AUD-MDL/AUD-API/AUD-IND
药衡智析_增量源码交接/public_source_candidate/05_原型/backend/pharma/synthetic_rpa.py,后端源码,已读-子代理逐函数,主审+agent,AUD-CORE/AUD-IMP/AUD-REP/AUD-NAR/AUD-RAG/AUD-MDL/AUD-API/AUD-IND
药衡智析_增量源码交接/public_source_candidate/05_原型/backend/pharma/vector_switch.py,后端源码,已读-子代理逐函数,主审+agent,AUD-CORE/AUD-IMP/AUD-REP/AUD-NAR/AUD-RAG/AUD-MDL/AUD-API/AUD-IND
药衡智析_增量源码交接/public_source_candidate/05_原型/backend/pharma/versions.py,后端源码,已读-子代理逐函数,主审+agent,AUD-CORE/AUD-IMP/AUD-REP/AUD-NAR/AUD-RAG/AUD-MDL/AUD-API/AUD-IND
药衡智析_增量源码交接/public_source_candidate/05_原型/backend/pharma/worker.py,后端源码,已读-子代理逐函数,主审+agent,AUD-CORE/AUD-IMP/AUD-REP/AUD-NAR/AUD-RAG/AUD-MDL/AUD-API/AUD-IND
药衡智析_增量源码交接/public_source_candidate/05_原型/deploy/Dockerfile,部署,已读-子代理,agent-deploy,AUD-DEP
药衡智析_增量源码交接/public_source_candidate/05_原型/deploy/docker-compose.yml,部署,已读-子代理,agent-deploy,AUD-DEP
药衡智析_增量源码交接/public_source_candidate/05_原型/deploy/entrypoint.sh,部署,已读-子代理,agent-deploy,AUD-DEP
药衡智析_增量源码交接/public_source_candidate/05_原型/deploy/launcher.ps1,部署,已读-子代理,agent-deploy,AUD-DEP
药衡智析_增量源码交接/public_source_candidate/05_原型/frontend/e2e-context.mjs,前端配置/脚本,已读-子代理+主审CI核查,agent-frontend+主审,AUD-FE/AUD-DEP
药衡智析_增量源码交接/public_source_candidate/05_原型/frontend/e2e-dashboard.mjs,前端配置/脚本,已读-子代理+主审CI核查,agent-frontend+主审,AUD-FE/AUD-DEP
药衡智析_增量源码交接/public_source_candidate/05_原型/frontend/e2e-knowledge-graph.mjs,前端配置/脚本,已读-子代理+主审CI核查,agent-frontend+主审,AUD-FE/AUD-DEP
药衡智析_增量源码交接/public_source_candidate/05_原型/frontend/e2e-live.mjs,前端配置/脚本,已读-子代理+主审CI核查,agent-frontend+主审,AUD-FE/AUD-DEP
药衡智析_增量源码交接/public_source_candidate/05_原型/frontend/index.html,前端配置/脚本,已读-子代理+主审CI核查,agent-frontend+主审,AUD-FE/AUD-DEP
药衡智析_增量源码交接/public_source_candidate/05_原型/frontend/package-lock.json,前端配置/脚本,已读-子代理+主审CI核查,agent-frontend+主审,AUD-FE/AUD-DEP
药衡智析_增量源码交接/public_source_candidate/05_原型/frontend/package.json,前端配置/脚本,已读-子代理+主审CI核查,agent-frontend+主审,AUD-FE/AUD-DEP
药衡智析_增量源码交接/public_source_candidate/05_原型/frontend/public/favicon.svg,前端配置/脚本,已读-子代理+主审CI核查,agent-frontend+主审,AUD-FE/AUD-DEP
药衡智析_增量源码交接/public_source_candidate/05_原型/frontend/record-demo.mjs,前端配置/脚本,已读-子代理+主审CI核查,agent-frontend+主审,AUD-FE/AUD-DEP
药衡智析_增量源码交接/public_source_candidate/05_原型/frontend/record_demo_20260918.mjs,前端配置/脚本,已读-子代理+主审CI核查,agent-frontend+主审,AUD-FE/AUD-DEP
药衡智析_增量源码交接/public_source_candidate/05_原型/frontend/record_demo_20260918.test.mjs,前端配置/脚本,已读-子代理+主审CI核查,agent-frontend+主审,AUD-FE/AUD-DEP
药衡智析_增量源码交接/public_source_candidate/05_原型/frontend/record_full_demo_20260920.mjs,前端配置/脚本,已读-子代理+主审CI核查,agent-frontend+主审,AUD-FE/AUD-DEP
药衡智析_增量源码交接/public_source_candidate/05_原型/frontend/src/Analysis.tsx,前端源码,已读-子代理逐组件,agent-frontend,AUD-FE
药衡智析_增量源码交接/public_source_candidate/05_原型/frontend/src/App.tsx,前端源码,已读-子代理逐组件,agent-frontend,AUD-FE
药衡智析_增量源码交接/public_source_candidate/05_原型/frontend/src/Benchmark.tsx,前端源码,已读-子代理逐组件,agent-frontend,AUD-FE
药衡智析_增量源码交接/public_source_candidate/05_原型/frontend/src/BusinessData.tsx,前端源码,已读-子代理逐组件,agent-frontend,AUD-FE
药衡智析_增量源码交接/public_source_candidate/05_原型/frontend/src/Chart.tsx,前端源码,已读-子代理逐组件,agent-frontend,AUD-FE
药衡智析_增量源码交接/public_source_candidate/05_原型/frontend/src/Chart3D.tsx,前端源码,已读-子代理逐组件,agent-frontend,AUD-FE
药衡智析_增量源码交接/public_source_candidate/05_原型/frontend/src/DecisionCard.tsx,前端源码,已读-子代理逐组件,agent-frontend,AUD-FE
药衡智析_增量源码交接/public_source_candidate/05_原型/frontend/src/Evidence.tsx,前端源码,已读-子代理逐组件,agent-frontend,AUD-FE
药衡智析_增量源码交接/public_source_candidate/05_原型/frontend/src/FilePreview.tsx,前端源码,已读-子代理逐组件,agent-frontend,AUD-FE
药衡智析_增量源码交接/public_source_candidate/05_原型/frontend/src/FocusAnalysis.tsx,前端源码,已读-子代理逐组件,agent-frontend,AUD-FE
药衡智析_增量源码交接/public_source_candidate/05_原型/frontend/src/ImportWorkflow.tsx,前端源码,已读-子代理逐组件,agent-frontend,AUD-FE
药衡智析_增量源码交接/public_source_candidate/05_原型/frontend/src/JobProgress.tsx,前端源码,已读-子代理逐组件,agent-frontend,AUD-FE
药衡智析_增量源码交接/public_source_candidate/05_原型/frontend/src/KnowledgeData.tsx,前端源码,已读-子代理逐组件,agent-frontend,AUD-FE
药衡智析_增量源码交接/public_source_candidate/05_原型/frontend/src/ModelConfigForm.tsx,前端源码,已读-子代理逐组件,agent-frontend,AUD-FE
药衡智析_增量源码交接/public_source_candidate/05_原型/frontend/src/ModelPages.tsx,前端源码,已读-子代理逐组件,agent-frontend,AUD-FE
药衡智析_增量源码交接/public_source_candidate/05_原型/frontend/src/NarrativePanel.tsx,前端源码,已读-子代理逐组件,agent-frontend,AUD-FE
药衡智析_增量源码交接/public_source_candidate/05_原型/frontend/src/ProductMonthHeatmap.tsx,前端源码,已读-子代理逐组件,agent-frontend,AUD-FE
药衡智析_增量源码交接/public_source_candidate/05_原型/frontend/src/Rectification.tsx,前端源码,已读-子代理逐组件,agent-frontend,AUD-FE
药衡智析_增量源码交接/public_source_candidate/05_原型/frontend/src/ReportGeneration.tsx,前端源码,已读-子代理逐组件,agent-frontend,AUD-FE
药衡智析_增量源码交接/public_source_candidate/05_原型/frontend/src/TemplateCenter.tsx,前端源码,已读-子代理逐组件,agent-frontend,AUD-FE
药衡智析_增量源码交接/public_source_candidate/05_原型/frontend/src/api.ts,前端源码,已读-子代理逐组件,agent-frontend,AUD-FE
药衡智析_增量源码交接/public_source_candidate/05_原型/frontend/src/echarts-gl.d.ts,前端源码,已读-子代理逐组件,agent-frontend,AUD-FE
药衡智析_增量源码交接/public_source_candidate/05_原型/frontend/src/hooks.ts,前端源码,已读-子代理逐组件,agent-frontend,AUD-FE
药衡智析_增量源码交接/public_source_candidate/05_原型/frontend/src/main.tsx,前端源码,已读-子代理逐组件,agent-frontend,AUD-FE
药衡智析_增量源码交接/public_source_candidate/05_原型/frontend/src/presentation.tsx,前端源码,已读-子代理逐组件,agent-frontend,AUD-FE
药衡智析_增量源码交接/public_source_candidate/05_原型/frontend/src/style.css,前端源码,已读-子代理逐组件,agent-frontend,AUD-FE
药衡智析_增量源码交接/public_source_candidate/05_原型/frontend/src/types.ts,前端源码,已读-子代理逐组件,agent-frontend,AUD-FE
药衡智析_增量源码交接/public_source_candidate/05_原型/frontend/tsconfig.json,前端配置/脚本,已读-子代理+主审CI核查,agent-frontend+主审,AUD-FE/AUD-DEP
药衡智析_增量源码交接/public_source_candidate/05_原型/frontend/vite.config.ts,前端配置/脚本,已读-子代理+主审CI核查,agent-frontend+主审,AUD-FE/AUD-DEP
药衡智析_增量源码交接/public_source_candidate/05_原型/industry_packs/chemical_demo/enterprise.json,行业包,已读-子代理,agent-industry,AUD-IND
药衡智析_增量源码交接/public_source_candidate/05_原型/industry_packs/chemical_demo/evaluation.json,行业包,已读-子代理,agent-industry,AUD-IND
药衡智析_增量源码交接/public_source_candidate/05_原型/industry_packs/chemical_demo/facts.json,行业包,已读-子代理,agent-industry,AUD-IND
药衡智析_增量源码交接/public_source_candidate/05_原型/industry_packs/chemical_demo/knowledge.json,行业包,已读-子代理,agent-industry,AUD-IND
药衡智析_增量源码交接/public_source_candidate/05_原型/industry_packs/chemical_demo/manifest.json,行业包,已读-子代理,agent-industry,AUD-IND
药衡智析_增量源码交接/public_source_candidate/05_原型/industry_packs/chemical_demo/mapping.json,行业包,已读-子代理,agent-industry,AUD-IND
药衡智析_增量源码交接/public_source_candidate/05_原型/industry_packs/chemical_demo/template.json,行业包,已读-子代理,agent-industry,AUD-IND
药衡智析_增量源码交接/public_source_candidate/05_原型/industry_packs/mechanical_demo/enterprise.json,行业包,已读-子代理,agent-industry,AUD-IND
药衡智析_增量源码交接/public_source_candidate/05_原型/industry_packs/mechanical_demo/evaluation.json,行业包,已读-子代理,agent-industry,AUD-IND
药衡智析_增量源码交接/public_source_candidate/05_原型/industry_packs/mechanical_demo/facts.json,行业包,已读-子代理,agent-industry,AUD-IND
药衡智析_增量源码交接/public_source_candidate/05_原型/industry_packs/mechanical_demo/knowledge.json,行业包,已读-子代理,agent-industry,AUD-IND
药衡智析_增量源码交接/public_source_candidate/05_原型/industry_packs/mechanical_demo/manifest.json,行业包,已读-子代理,agent-industry,AUD-IND
药衡智析_增量源码交接/public_source_candidate/05_原型/industry_packs/mechanical_demo/mapping.json,行业包,已读-子代理,agent-industry,AUD-IND
药衡智析_增量源码交接/public_source_candidate/05_原型/industry_packs/mechanical_demo/template.json,行业包,已读-子代理,agent-industry,AUD-IND
药衡智析_增量源码交接/public_source_candidate/05_原型/industry_packs/pharmaceutical/enterprise.json,行业包,已读-子代理,agent-industry,AUD-IND
药衡智析_增量源码交接/public_source_candidate/05_原型/industry_packs/pharmaceutical/evaluation.json,行业包,已读-子代理,agent-industry,AUD-IND
药衡智析_增量源码交接/public_source_candidate/05_原型/industry_packs/pharmaceutical/facts.json,行业包,已读-子代理,agent-industry,AUD-IND
药衡智析_增量源码交接/public_source_candidate/05_原型/industry_packs/pharmaceutical/knowledge.json,行业包,已读-子代理,agent-industry,AUD-IND
药衡智析_增量源码交接/public_source_candidate/05_原型/industry_packs/pharmaceutical/manifest.json,行业包,已读-子代理,agent-industry,AUD-IND
药衡智析_增量源码交接/public_source_candidate/05_原型/industry_packs/pharmaceutical/mapping.json,行业包,已读-子代理,agent-industry,AUD-IND
药衡智析_增量源码交接/public_source_candidate/05_原型/industry_packs/pharmaceutical/narrative_rules.py,行业包,已读-子代理,agent-industry,AUD-IND
药衡智析_增量源码交接/public_source_candidate/05_原型/industry_packs/pharmaceutical/retrieval.json,行业包,已读-子代理,agent-industry,AUD-IND
药衡智析_增量源码交接/public_source_candidate/05_原型/industry_packs/pharmaceutical/source_contract.json,行业包,已读-子代理,agent-industry,AUD-IND
药衡智析_增量源码交接/public_source_candidate/05_原型/industry_packs/pharmaceutical/template.json,行业包,已读-子代理,agent-industry,AUD-IND
药衡智析_增量源码交接/public_source_candidate/05_原型/industry_packs/pharmaceutical/terminology.json,行业包,已读-子代理,agent-industry,AUD-IND
药衡智析_增量源码交接/public_source_candidate/05_原型/requirements-docs.lock,其他,已列清单,主审,'-
药衡智析_增量源码交接/public_source_candidate/05_原型/requirements.lock,其他,已列清单,主审,'-
药衡智析_增量源码交接/public_source_candidate/05_原型/requirements.txt,其他,已列清单,主审,'-
药衡智析_增量源码交接/public_source_candidate/05_原型/scripts/bootstrap.sh,脚本,已读-子代理,agent-deploy,AUD-DEP
药衡智析_增量源码交接/public_source_candidate/05_原型/scripts/build_demo_deck.py,脚本,已读-子代理,agent-deploy,AUD-DEP
药衡智析_增量源码交接/public_source_candidate/05_原型/scripts/build_inputs.py,脚本,已读-子代理,agent-deploy,AUD-DEP
药衡智析_增量源码交接/public_source_candidate/05_原型/scripts/check_dependencies.py,脚本,已读-子代理,agent-deploy,AUD-DEP
药衡智析_增量源码交接/public_source_candidate/05_原型/scripts/check_environment.py,脚本,已读-子代理,agent-deploy,AUD-DEP
药衡智析_增量源码交接/public_source_candidate/05_原型/scripts/fetch_embedding.py,脚本,已读-子代理,agent-deploy,AUD-DEP
药衡智析_增量源码交接/public_source_candidate/05_原型/scripts/generate_scenarios.py,脚本,已读-子代理,agent-deploy,AUD-DEP
药衡智析_增量源码交接/public_source_candidate/05_原型/scripts/generate_synthetic_plant2_details.py,脚本,已读-子代理,agent-deploy,AUD-DEP
药衡智析_增量源码交接/public_source_candidate/05_原型/scripts/manage.py,脚本,已读-子代理,agent-deploy,AUD-DEP
药衡智析_增量源码交接/public_source_candidate/05_原型/scripts/pharma_python.sh,脚本,已读-子代理,agent-deploy,AUD-DEP
药衡智析_增量源码交接/public_source_candidate/05_原型/scripts/probe_glm.py,脚本,已读-子代理,agent-deploy,AUD-DEP
药衡智析_增量源码交接/public_source_candidate/05_原型/scripts/run_acceptance.py,脚本,已读-子代理,agent-deploy,AUD-DEP
药衡智析_增量源码交接/public_source_candidate/05_原型/scripts/start.sh,脚本,已读-子代理,agent-deploy,AUD-DEP
药衡智析_增量源码交接/public_source_candidate/05_原型/scripts/stop.sh,脚本,已读-子代理,agent-deploy,AUD-DEP
药衡智析_增量源码交接/public_source_candidate/05_原型/scripts/verify.py,脚本,已读-子代理,agent-deploy,AUD-DEP
药衡智析_增量源码交接/public_source_candidate/05_原型/scripts/verify.sh,脚本,已读-子代理,agent-deploy,AUD-DEP
药衡智析_增量源码交接/public_source_candidate/05_原型/tests/conftest.py,测试,已读-子代理+主审实跑,agent-tests+主审,AUD-TST
药衡智析_增量源码交接/public_source_candidate/05_原型/tests/test_actions.py,测试,已读-子代理+主审实跑,agent-tests+主审,AUD-TST
药衡智析_增量源码交接/public_source_candidate/05_原型/tests/test_attribution.py,测试,已读-子代理+主审实跑,agent-tests+主审,AUD-TST
药衡智析_增量源码交接/public_source_candidate/05_原型/tests/test_benchmark_explanation_contract.py,测试,已读-子代理+主审实跑,agent-tests+主审,AUD-TST
药衡智析_增量源码交接/public_source_candidate/05_原型/tests/test_benchmark_integration_contract.py,测试,已读-子代理+主审实跑,agent-tests+主审,AUD-TST
药衡智析_增量源码交接/public_source_candidate/05_原型/tests/test_concurrency.py,测试,已读-子代理+主审实跑,agent-tests+主审,AUD-TST
药衡智析_增量源码交接/public_source_candidate/05_原型/tests/test_correctness_fixes.py,测试,已读-子代理+主审实跑,agent-tests+主审,AUD-TST
药衡智析_增量源码交接/public_source_candidate/05_原型/tests/test_dashboard.py,测试,已读-子代理+主审实跑,agent-tests+主审,AUD-TST
药衡智析_增量源码交接/public_source_candidate/05_原型/tests/test_data_import.py,测试,已读-子代理+主审实跑,agent-tests+主审,AUD-TST
药衡智析_增量源码交接/public_source_candidate/05_原型/tests/test_decision.py,测试,已读-子代理+主审实跑,agent-tests+主审,AUD-TST
药衡智析_增量源码交接/public_source_candidate/05_原型/tests/test_demo_deck_binding.py,测试,已读-子代理+主审实跑,agent-tests+主审,AUD-TST
药衡智析_增量源码交接/public_source_candidate/05_原型/tests/test_docx_compat.py,测试,已读-子代理+主审实跑,agent-tests+主审,AUD-TST
药衡智析_增量源码交接/public_source_candidate/05_原型/tests/test_evidence_contracts.py,测试,已读-子代理+主审实跑,agent-tests+主审,AUD-TST
药衡智析_增量源码交接/public_source_candidate/05_原型/tests/test_forecasting.py,测试,已读-子代理+主审实跑,agent-tests+主审,AUD-TST
药衡智析_增量源码交接/public_source_candidate/05_原型/tests/test_gateway_failover.py,测试,已读-子代理+主审实跑,agent-tests+主审,AUD-TST
药衡智析_增量源码交接/public_source_candidate/05_原型/tests/test_graph.py,测试,已读-子代理+主审实跑,agent-tests+主审,AUD-TST
药衡智析_增量源码交接/public_source_candidate/05_原型/tests/test_import_v2.py,测试,已读-子代理+主审实跑,agent-tests+主审,AUD-TST
药衡智析_增量源码交接/public_source_candidate/05_原型/tests/test_industry.py,测试,已读-子代理+主审实跑,agent-tests+主审,AUD-TST
药衡智析_增量源码交接/public_source_candidate/05_原型/tests/test_integration_safety.py,测试,已读-子代理+主审实跑,agent-tests+主审,AUD-TST
药衡智析_增量源码交接/public_source_candidate/05_原型/tests/test_knowledge_source_selection.py,测试,已读-子代理+主审实跑,agent-tests+主审,AUD-TST
药衡智析_增量源码交接/public_source_candidate/05_原型/tests/test_knowledge_supplement.py,测试,已读-子代理+主审实跑,agent-tests+主审,AUD-TST
药衡智析_增量源码交接/public_source_candidate/05_原型/tests/test_local_validation.py,测试,已读-子代理+主审实跑,agent-tests+主审,AUD-TST
药衡智析_增量源码交接/public_source_candidate/05_原型/tests/test_native_toc.py,测试,已读-子代理+主审实跑,agent-tests+主审,AUD-TST
药衡智析_增量源码交接/public_source_candidate/05_原型/tests/test_private_configuration.py,测试,已读-子代理+主审实跑,agent-tests+主审,AUD-TST
药衡智析_增量源码交接/public_source_candidate/05_原型/tests/test_purpose_retrieval.py,测试,已读-子代理+主审实跑,agent-tests+主审,AUD-TST
药衡智析_增量源码交接/public_source_candidate/05_原型/tests/test_recovery.py,测试,已读-子代理+主审实跑,agent-tests+主审,AUD-TST
药衡智析_增量源码交接/public_source_candidate/05_原型/tests/test_reference_report_contract.py,测试,已读-子代理+主审实跑,agent-tests+主审,AUD-TST
药衡智析_增量源码交接/public_source_candidate/05_原型/tests/test_repair_units_dates.py,测试,已读-子代理+主审实跑,agent-tests+主审,AUD-TST
药衡智析_增量源码交接/public_source_candidate/05_原型/tests/test_report_captions.py,测试,已读-子代理+主审实跑,agent-tests+主审,AUD-TST
药衡智析_增量源码交接/public_source_candidate/05_原型/tests/test_report_layout_direction.py,测试,已读-子代理+主审实跑,agent-tests+主审,AUD-TST
药衡智析_增量源码交接/public_source_candidate/05_原型/tests/test_report_version_cache.py,测试,已读-子代理+主审实跑,agent-tests+主审,AUD-TST
药衡智析_增量源码交接/public_source_candidate/05_原型/tests/test_reviews.py,测试,已读-子代理+主审实跑,agent-tests+主审,AUD-TST
药衡智析_增量源码交接/public_source_candidate/05_原型/tests/test_rounded_metric_binding.py,测试,已读-子代理+主审实跑,agent-tests+主审,AUD-TST
药衡智析_增量源码交接/public_source_candidate/05_原型/tests/test_settings_security.py,测试,已读-子代理+主审实跑,agent-tests+主审,AUD-TST
药衡智析_增量源码交接/public_source_candidate/05_原型/tests/test_source_revision.py,测试,已读-子代理+主审实跑,agent-tests+主审,AUD-TST
药衡智析_增量源码交接/public_source_candidate/05_原型/tests/test_synthetic_plant2_details.py,测试,已读-子代理+主审实跑,agent-tests+主审,AUD-TST
药衡智析_增量源码交接/public_source_candidate/05_原型/tests/test_trust_regressions.py,测试,已读-子代理+主审实跑,agent-tests+主审,AUD-TST
药衡智析_增量源码交接/public_source_candidate/05_原型/tests/test_verifier_provenance.py,测试,已读-子代理+主审实跑,agent-tests+主审,AUD-TST
药衡智析_增量源码交接/public_source_candidate/07_交付/README.md,交付物,抽样+哈希对拍(agent-delivery+主审),agent-delivery+主审,AUD-DEL
药衡智析_增量源码交接/public_source_candidate/07_交付/delivery_20260919_final/README.md,交付物,抽样+哈希对拍(agent-delivery+主审),agent-delivery+主审,AUD-DEL
药衡智析_增量源码交接/public_source_candidate/07_交付/delivery_20260919_final/deck/README.md,交付物,抽样+哈希对拍(agent-delivery+主审),agent-delivery+主审,AUD-DEL
药衡智析_增量源码交接/public_source_candidate/07_交付/delivery_20260919_final/deck/native_render_check.json,交付物,抽样+哈希对拍(agent-delivery+主审),agent-delivery+主审,AUD-DEL
药衡智析_增量源码交接/public_source_candidate/07_交付/delivery_20260919_final/deck/pptx_render/slide-1.png,交付物,抽样+哈希对拍(agent-delivery+主审),agent-delivery+主审,AUD-DEL
药衡智析_增量源码交接/public_source_candidate/07_交付/delivery_20260919_final/deck/pptx_render/slide-10.png,交付物,抽样+哈希对拍(agent-delivery+主审),agent-delivery+主审,AUD-DEL
药衡智析_增量源码交接/public_source_candidate/07_交付/delivery_20260919_final/deck/pptx_render/slide-2.png,交付物,抽样+哈希对拍(agent-delivery+主审),agent-delivery+主审,AUD-DEL
药衡智析_增量源码交接/public_source_candidate/07_交付/delivery_20260919_final/deck/pptx_render/slide-3.png,交付物,抽样+哈希对拍(agent-delivery+主审),agent-delivery+主审,AUD-DEL
药衡智析_增量源码交接/public_source_candidate/07_交付/delivery_20260919_final/deck/pptx_render/slide-4.png,交付物,抽样+哈希对拍(agent-delivery+主审),agent-delivery+主审,AUD-DEL
药衡智析_增量源码交接/public_source_candidate/07_交付/delivery_20260919_final/deck/pptx_render/slide-5.png,交付物,抽样+哈希对拍(agent-delivery+主审),agent-delivery+主审,AUD-DEL
药衡智析_增量源码交接/public_source_candidate/07_交付/delivery_20260919_final/deck/pptx_render/slide-6.png,交付物,抽样+哈希对拍(agent-delivery+主审),agent-delivery+主审,AUD-DEL
药衡智析_增量源码交接/public_source_candidate/07_交付/delivery_20260919_final/deck/pptx_render/slide-7.png,交付物,抽样+哈希对拍(agent-delivery+主审),agent-delivery+主审,AUD-DEL
药衡智析_增量源码交接/public_source_candidate/07_交付/delivery_20260919_final/deck/pptx_render/slide-8.png,交付物,抽样+哈希对拍(agent-delivery+主审),agent-delivery+主审,AUD-DEL
药衡智析_增量源码交接/public_source_candidate/07_交付/delivery_20260919_final/deck/pptx_render/slide-9.png,交付物,抽样+哈希对拍(agent-delivery+主审),agent-delivery+主审,AUD-DEL
药衡智析_增量源码交接/public_source_candidate/07_交付/delivery_20260919_final/deck/pptx_render/药衡智析_演示与答辩稿.pdf,交付物,抽样+哈希对拍(agent-delivery+主审),agent-delivery+主审,AUD-DEL
药衡智析_增量源码交接/public_source_candidate/07_交付/delivery_20260919_final/deck/药衡智析_演示与答辩稿.pptx,交付物,抽样+哈希对拍(agent-delivery+主审),agent-delivery+主审,AUD-DEL
药衡智析_增量源码交接/public_source_candidate/07_交付/delivery_20260919_final/delivery_manifest.json,交付物,抽样+哈希对拍(agent-delivery+主审),agent-delivery+主审,AUD-DEL
药衡智析_增量源码交接/public_source_candidate/07_交付/delivery_20260919_final/demo/analysis_1366x768.png,交付物,抽样+哈希对拍(agent-delivery+主审),agent-delivery+主审,AUD-DEL
药衡智析_增量源码交接/public_source_candidate/07_交付/delivery_20260919_final/demo/charts_1366x768.png,交付物,抽样+哈希对拍(agent-delivery+主审),agent-delivery+主审,AUD-DEL
药衡智析_增量源码交接/public_source_candidate/07_交付/delivery_20260919_final/demo/demo_receipt.json,交付物,抽样+哈希对拍(agent-delivery+主审),agent-delivery+主审,AUD-DEL
药衡智析_增量源码交接/public_source_candidate/07_交付/delivery_20260919_final/demo/report.docx,交付物,抽样+哈希对拍(agent-delivery+主审),agent-delivery+主审,AUD-DEL
药衡智析_增量源码交接/public_source_candidate/07_交付/delivery_20260919_final/demo/report.pdf,交付物,抽样+哈希对拍(agent-delivery+主审),agent-delivery+主审,AUD-DEL
药衡智析_增量源码交接/public_source_candidate/07_交付/delivery_20260919_final/demo/report_download_frame.png,交付物,抽样+哈希对拍(agent-delivery+主审),agent-delivery+主审,AUD-DEL
药衡智析_增量源码交接/public_source_candidate/07_交付/delivery_20260919_final/demo/simulated_delivery_1366x768.png,交付物,抽样+哈希对拍(agent-delivery+主审),agent-delivery+主审,AUD-DEL
药衡智析_增量源码交接/public_source_candidate/07_交付/delivery_20260919_final/demo/visual_qa.json,交付物,抽样+哈希对拍(agent-delivery+主审),agent-delivery+主审,AUD-DEL
药衡智析_增量源码交接/public_source_candidate/07_交付/delivery_20260919_final/human_review_pending.csv,交付物,抽样+哈希对拍(agent-delivery+主审),agent-delivery+主审,AUD-DEL
药衡智析_增量源码交接/public_source_candidate/07_交付/delivery_20260919_final/report_contact.png,交付物,抽样+哈希对拍(agent-delivery+主审),agent-delivery+主审,AUD-DEL
药衡智析_增量源码交接/public_source_candidate/07_交付/delivery_20260919_final/reports/Q2/job_result.json,交付物,抽样+哈希对拍(agent-delivery+主审),agent-delivery+主审,AUD-DEL
药衡智析_增量源码交接/public_source_candidate/07_交付/delivery_20260919_final/reports/Q2/report.docx,交付物,抽样+哈希对拍(agent-delivery+主审),agent-delivery+主审,AUD-DEL
药衡智析_增量源码交接/public_source_candidate/07_交付/delivery_20260919_final/reports/Q2/report.pdf,交付物,抽样+哈希对拍(agent-delivery+主审),agent-delivery+主审,AUD-DEL
药衡智析_增量源码交接/public_source_candidate/07_交付/delivery_20260919_final/reports/S1/job_result.json,交付物,抽样+哈希对拍(agent-delivery+主审),agent-delivery+主审,AUD-DEL
药衡智析_增量源码交接/public_source_candidate/07_交付/delivery_20260919_final/reports/S1/report.docx,交付物,抽样+哈希对拍(agent-delivery+主审),agent-delivery+主审,AUD-DEL
药衡智析_增量源码交接/public_source_candidate/07_交付/delivery_20260919_final/reports/S1/report.pdf,交付物,抽样+哈希对拍(agent-delivery+主审),agent-delivery+主审,AUD-DEL
药衡智析_增量源码交接/public_source_candidate/07_交付/delivery_20260919_final/reports/S2/job_result.json,交付物,抽样+哈希对拍(agent-delivery+主审),agent-delivery+主审,AUD-DEL
药衡智析_增量源码交接/public_source_candidate/07_交付/delivery_20260919_final/reports/S2/report.docx,交付物,抽样+哈希对拍(agent-delivery+主审),agent-delivery+主审,AUD-DEL
药衡智析_增量源码交接/public_source_candidate/07_交付/delivery_20260919_final/reports/S2/report.pdf,交付物,抽样+哈希对拍(agent-delivery+主审),agent-delivery+主审,AUD-DEL
药衡智析_增量源码交接/public_source_candidate/07_交付/delivery_20260919_final/reports/S3/job_result.json,交付物,抽样+哈希对拍(agent-delivery+主审),agent-delivery+主审,AUD-DEL
药衡智析_增量源码交接/public_source_candidate/07_交付/delivery_20260919_final/reports/S3/report.docx,交付物,抽样+哈希对拍(agent-delivery+主审),agent-delivery+主审,AUD-DEL
药衡智析_增量源码交接/public_source_candidate/07_交付/delivery_20260919_final/reports/S3/report.pdf,交付物,抽样+哈希对拍(agent-delivery+主审),agent-delivery+主审,AUD-DEL
药衡智析_增量源码交接/public_source_candidate/07_交付/delivery_20260919_final/reports/chemical/job_result.json,交付物,抽样+哈希对拍(agent-delivery+主审),agent-delivery+主审,AUD-DEL
药衡智析_增量源码交接/public_source_candidate/07_交付/delivery_20260919_final/reports/chemical/report.docx,交付物,抽样+哈希对拍(agent-delivery+主审),agent-delivery+主审,AUD-DEL
药衡智析_增量源码交接/public_source_candidate/07_交付/delivery_20260919_final/reports/chemical/report.pdf,交付物,抽样+哈希对拍(agent-delivery+主审),agent-delivery+主审,AUD-DEL
药衡智析_增量源码交接/public_source_candidate/07_交付/delivery_20260919_final/reports/mechanical/job_result.json,交付物,抽样+哈希对拍(agent-delivery+主审),agent-delivery+主审,AUD-DEL
药衡智析_增量源码交接/public_source_candidate/07_交付/delivery_20260919_final/reports/mechanical/report.docx,交付物,抽样+哈希对拍(agent-delivery+主审),agent-delivery+主审,AUD-DEL
药衡智析_增量源码交接/public_source_candidate/07_交付/delivery_20260919_final/reports/mechanical/report.pdf,交付物,抽样+哈希对拍(agent-delivery+主审),agent-delivery+主审,AUD-DEL
药衡智析_增量源码交接/public_source_candidate/07_交付/delivery_20260919_final/reports/pharma_synthetic/job_result.json,交付物,抽样+哈希对拍(agent-delivery+主审),agent-delivery+主审,AUD-DEL
药衡智析_增量源码交接/public_source_candidate/07_交付/delivery_20260919_final/reports/pharma_synthetic/report.docx,交付物,抽样+哈希对拍(agent-delivery+主审),agent-delivery+主审,AUD-DEL
药衡智析_增量源码交接/public_source_candidate/07_交付/delivery_20260919_final/reports/pharma_synthetic/report.pdf,交付物,抽样+哈希对拍(agent-delivery+主审),agent-delivery+主审,AUD-DEL
药衡智析_增量源码交接/public_source_candidate/07_交付/delivery_20260919_final/synthetic_ui/focus-desktop.png,交付物,抽样+哈希对拍(agent-delivery+主审),agent-delivery+主审,AUD-DEL
药衡智析_增量源码交接/public_source_candidate/07_交付/delivery_20260919_final/synthetic_ui/focus-mobile.png,交付物,抽样+哈希对拍(agent-delivery+主审),agent-delivery+主审,AUD-DEL
药衡智析_增量源码交接/public_source_candidate/07_交付/delivery_20260919_final/synthetic_ui/grid-desktop.png,交付物,抽样+哈希对拍(agent-delivery+主审),agent-delivery+主审,AUD-DEL
药衡智析_增量源码交接/public_source_candidate/07_交付/delivery_20260919_final/synthetic_ui/qa.json,交付物,抽样+哈希对拍(agent-delivery+主审),agent-delivery+主审,AUD-DEL
药衡智析_增量源码交接/public_source_candidate/07_交付/delivery_20260919_final/ui/Q2-focus.png,交付物,抽样+哈希对拍(agent-delivery+主审),agent-delivery+主审,AUD-DEL
药衡智析_增量源码交接/public_source_candidate/07_交付/delivery_20260919_final/ui/Q2-grid.png,交付物,抽样+哈希对拍(agent-delivery+主审),agent-delivery+主审,AUD-DEL
药衡智析_增量源码交接/public_source_candidate/07_交付/delivery_20260919_final/ui/S1-focus.png,交付物,抽样+哈希对拍(agent-delivery+主审),agent-delivery+主审,AUD-DEL
药衡智析_增量源码交接/public_source_candidate/07_交付/delivery_20260919_final/ui/S1-graph.png,交付物,抽样+哈希对拍(agent-delivery+主审),agent-delivery+主审,AUD-DEL
药衡智析_增量源码交接/public_source_candidate/07_交付/delivery_20260919_final/ui/S1-grid.png,交付物,抽样+哈希对拍(agent-delivery+主审),agent-delivery+主审,AUD-DEL
药衡智析_增量源码交接/public_source_candidate/07_交付/delivery_20260919_final/ui/S2-focus.png,交付物,抽样+哈希对拍(agent-delivery+主审),agent-delivery+主审,AUD-DEL
药衡智析_增量源码交接/public_source_candidate/07_交付/delivery_20260919_final/ui/S2-grid.png,交付物,抽样+哈希对拍(agent-delivery+主审),agent-delivery+主审,AUD-DEL
药衡智析_增量源码交接/public_source_candidate/07_交付/delivery_20260919_final/ui/S3-focus.png,交付物,抽样+哈希对拍(agent-delivery+主审),agent-delivery+主审,AUD-DEL
药衡智析_增量源码交接/public_source_candidate/07_交付/delivery_20260919_final/ui/S3-grid.png,交付物,抽样+哈希对拍(agent-delivery+主审),agent-delivery+主审,AUD-DEL
药衡智析_增量源码交接/public_source_candidate/07_交付/delivery_20260919_final/ui/benchmark-real-stable.png,交付物,抽样+哈希对拍(agent-delivery+主审),agent-delivery+主审,AUD-DEL
药衡智析_增量源码交接/public_source_candidate/07_交付/delivery_20260919_final/ui/browser.json,交付物,抽样+哈希对拍(agent-delivery+主审),agent-delivery+主审,AUD-DEL
药衡智析_增量源码交接/public_source_candidate/07_交付/delivery_20260919_final/ui/chemical-focus.png,交付物,抽样+哈希对拍(agent-delivery+主审),agent-delivery+主审,AUD-DEL
药衡智析_增量源码交接/public_source_candidate/07_交付/delivery_20260919_final/ui/chemical-grid.png,交付物,抽样+哈希对拍(agent-delivery+主审),agent-delivery+主审,AUD-DEL
药衡智析_增量源码交接/public_source_candidate/07_交付/delivery_20260919_final/ui/desktop-stable.png,交付物,抽样+哈希对拍(agent-delivery+主审),agent-delivery+主审,AUD-DEL
药衡智析_增量源码交接/public_source_candidate/07_交付/delivery_20260919_final/ui/mechanical-desktop.png,交付物,抽样+哈希对拍(agent-delivery+主审),agent-delivery+主审,AUD-DEL
药衡智析_增量源码交接/public_source_candidate/07_交付/delivery_20260919_final/ui/mechanical-focus.png,交付物,抽样+哈希对拍(agent-delivery+主审),agent-delivery+主审,AUD-DEL
药衡智析_增量源码交接/public_source_candidate/07_交付/delivery_20260919_final/ui/mechanical-grid.png,交付物,抽样+哈希对拍(agent-delivery+主审),agent-delivery+主审,AUD-DEL
药衡智析_增量源码交接/public_source_candidate/07_交付/delivery_20260919_final/ui/mechanical-mobile.png,交付物,抽样+哈希对拍(agent-delivery+主审),agent-delivery+主审,AUD-DEL
药衡智析_增量源码交接/public_source_candidate/07_交付/delivery_20260919_final/ui/mobile-stable.png,交付物,抽样+哈希对拍(agent-delivery+主审),agent-delivery+主审,AUD-DEL
药衡智析_增量源码交接/public_source_candidate/07_交付/delivery_20260919_final/ui/pharma_synthetic-focus.png,交付物,抽样+哈希对拍(agent-delivery+主审),agent-delivery+主审,AUD-DEL
药衡智析_增量源码交接/public_source_candidate/07_交付/delivery_20260919_final/ui/pharma_synthetic-grid.png,交付物,抽样+哈希对拍(agent-delivery+主审),agent-delivery+主审,AUD-DEL
药衡智析_增量源码交接/public_source_candidate/07_交付/delivery_20260919_final/ui/qa.json,交付物,抽样+哈希对拍(agent-delivery+主审),agent-delivery+主审,AUD-DEL
药衡智析_增量源码交接/public_source_candidate/07_交付/delivery_20260919_final/ui/stable-screenshots.json,交付物,抽样+哈希对拍(agent-delivery+主审),agent-delivery+主审,AUD-DEL
药衡智析_增量源码交接/public_source_candidate/07_交付/delivery_20260921/README.md,交付物,抽样+哈希对拍(agent-delivery+主审),agent-delivery+主审,AUD-DEL
药衡智析_增量源码交接/public_source_candidate/07_交付/delivery_20260921/六味地黄胶囊_2026-06.docx,交付物,抽样+哈希对拍(agent-delivery+主审),agent-delivery+主审,AUD-DEL
药衡智析_增量源码交接/public_source_candidate/07_交付/delivery_20260921/六味地黄胶囊_2026-06.pdf,交付物,抽样+哈希对拍(agent-delivery+主审),agent-delivery+主审,AUD-DEL
药衡智析_增量源码交接/public_source_candidate/07_交付/delivery_20260921/六味地黄胶囊_2026-06_machine_audit.json,交付物,抽样+哈希对拍(agent-delivery+主审),agent-delivery+主审,AUD-DEL
药衡智析_增量源码交接/public_source_candidate/07_交付/delivery_20260921/板蓝根颗粒_2026-06.docx,交付物,抽样+哈希对拍(agent-delivery+主审),agent-delivery+主审,AUD-DEL
药衡智析_增量源码交接/public_source_candidate/07_交付/delivery_20260921/板蓝根颗粒_2026-06.pdf,交付物,抽样+哈希对拍(agent-delivery+主审),agent-delivery+主审,AUD-DEL
药衡智析_增量源码交接/public_source_candidate/07_交付/delivery_20260921/板蓝根颗粒_2026-06_machine_audit.json,交付物,抽样+哈希对拍(agent-delivery+主审),agent-delivery+主审,AUD-DEL
药衡智析_增量源码交接/public_source_candidate/07_交付/delivery_20260921/银黄口服液_2026-06.docx,交付物,抽样+哈希对拍(agent-delivery+主审),agent-delivery+主审,AUD-DEL
药衡智析_增量源码交接/public_source_candidate/07_交付/delivery_20260921/银黄口服液_2026-06.pdf,交付物,抽样+哈希对拍(agent-delivery+主审),agent-delivery+主审,AUD-DEL
药衡智析_增量源码交接/public_source_candidate/07_交付/delivery_20260921/银黄口服液_2026-06_machine_audit.json,交付物,抽样+哈希对拍(agent-delivery+主审),agent-delivery+主审,AUD-DEL
药衡智析_增量源码交接/public_source_candidate/07_交付/demo_20260918/README.md,交付物,抽样+哈希对拍(agent-delivery+主审),agent-delivery+主审,AUD-DEL
药衡智析_增量源码交接/public_source_candidate/07_交付/demo_20260918/demo_receipt.json,交付物,抽样+哈希对拍(agent-delivery+主审),agent-delivery+主审,AUD-DEL
药衡智析_增量源码交接/public_source_candidate/07_交付/demo_20260918/pptx_render/slide-01.png,交付物,抽样+哈希对拍(agent-delivery+主审),agent-delivery+主审,AUD-DEL
药衡智析_增量源码交接/public_source_candidate/07_交付/demo_20260918/pptx_render/slide-02.png,交付物,抽样+哈希对拍(agent-delivery+主审),agent-delivery+主审,AUD-DEL
药衡智析_增量源码交接/public_source_candidate/07_交付/demo_20260918/pptx_render/slide-03.png,交付物,抽样+哈希对拍(agent-delivery+主审),agent-delivery+主审,AUD-DEL
药衡智析_增量源码交接/public_source_candidate/07_交付/demo_20260918/pptx_render/slide-04.png,交付物,抽样+哈希对拍(agent-delivery+主审),agent-delivery+主审,AUD-DEL
药衡智析_增量源码交接/public_source_candidate/07_交付/demo_20260918/pptx_render/slide-05.png,交付物,抽样+哈希对拍(agent-delivery+主审),agent-delivery+主审,AUD-DEL
药衡智析_增量源码交接/public_source_candidate/07_交付/demo_20260918/pptx_render/slide-06.png,交付物,抽样+哈希对拍(agent-delivery+主审),agent-delivery+主审,AUD-DEL
药衡智析_增量源码交接/public_source_candidate/07_交付/demo_20260918/pptx_render/slide-07.png,交付物,抽样+哈希对拍(agent-delivery+主审),agent-delivery+主审,AUD-DEL
药衡智析_增量源码交接/public_source_candidate/07_交付/demo_20260918/pptx_render/slide-08.png,交付物,抽样+哈希对拍(agent-delivery+主审),agent-delivery+主审,AUD-DEL
药衡智析_增量源码交接/public_source_candidate/07_交付/demo_20260918/pptx_render/slide-09.png,交付物,抽样+哈希对拍(agent-delivery+主审),agent-delivery+主审,AUD-DEL
药衡智析_增量源码交接/public_source_candidate/07_交付/demo_20260918/pptx_render/slide-10.png,交付物,抽样+哈希对拍(agent-delivery+主审),agent-delivery+主审,AUD-DEL
药衡智析_增量源码交接/public_source_candidate/07_交付/demo_20260918/pptx_render/药衡智析_演示与答辩稿.pdf,交付物,抽样+哈希对拍(agent-delivery+主审),agent-delivery+主审,AUD-DEL
药衡智析_增量源码交接/public_source_candidate/07_交付/demo_20260918/药衡智析_演示与答辩稿.pptx,交付物,抽样+哈希对拍(agent-delivery+主审),agent-delivery+主审,AUD-DEL
药衡智析_增量源码交接/public_source_candidate/07_交付/demo_20260920/demo_receipt.json,交付物,抽样+哈希对拍(agent-delivery+主审),agent-delivery+主审,AUD-DEL
药衡智析_增量源码交接/public_source_candidate/07_交付/demo_20260920/yaoheng_full_demo_20260920.mp4,交付物,抽样+哈希对拍(agent-delivery+主审),agent-delivery+主审,AUD-DEL
药衡智析_增量源码交接/public_source_candidate/07_交付/release_20260918/README.md,交付物,抽样+哈希对拍(agent-delivery+主审),agent-delivery+主审,AUD-DEL
药衡智析_增量源码交接/public_source_candidate/07_交付/release_20260918/SHA256SUMS,交付物,抽样+哈希对拍(agent-delivery+主审),agent-delivery+主审,AUD-DEL
药衡智析_增量源码交接/public_source_candidate/07_交付/release_20260918/demo/药衡智析_演示与答辩稿.pptx,交付物,抽样+哈希对拍(agent-delivery+主审),agent-delivery+主审,AUD-DEL
药衡智析_增量源码交接/public_source_candidate/07_交付/release_20260918/demo/药衡智析_演示与答辩稿_阅读版.pdf,交付物,抽样+哈希对拍(agent-delivery+主审),agent-delivery+主审,AUD-DEL
药衡智析_增量源码交接/public_source_candidate/07_交付/release_20260918/pages/Q2/page-01.png,交付物,抽样+哈希对拍(agent-delivery+主审),agent-delivery+主审,AUD-DEL
药衡智析_增量源码交接/public_source_candidate/07_交付/release_20260918/pages/Q2/page-02.png,交付物,抽样+哈希对拍(agent-delivery+主审),agent-delivery+主审,AUD-DEL
药衡智析_增量源码交接/public_source_candidate/07_交付/release_20260918/pages/Q2/page-03.png,交付物,抽样+哈希对拍(agent-delivery+主审),agent-delivery+主审,AUD-DEL
药衡智析_增量源码交接/public_source_candidate/07_交付/release_20260918/pages/Q2/page-04.png,交付物,抽样+哈希对拍(agent-delivery+主审),agent-delivery+主审,AUD-DEL
药衡智析_增量源码交接/public_source_candidate/07_交付/release_20260918/pages/Q2/page-05.png,交付物,抽样+哈希对拍(agent-delivery+主审),agent-delivery+主审,AUD-DEL
药衡智析_增量源码交接/public_source_candidate/07_交付/release_20260918/pages/Q2/page-06.png,交付物,抽样+哈希对拍(agent-delivery+主审),agent-delivery+主审,AUD-DEL
药衡智析_增量源码交接/public_source_candidate/07_交付/release_20260918/pages/Q2/page-07.png,交付物,抽样+哈希对拍(agent-delivery+主审),agent-delivery+主审,AUD-DEL
药衡智析_增量源码交接/public_source_candidate/07_交付/release_20260918/pages/S1/page-01.png,交付物,抽样+哈希对拍(agent-delivery+主审),agent-delivery+主审,AUD-DEL
药衡智析_增量源码交接/public_source_candidate/07_交付/release_20260918/pages/S1/page-02.png,交付物,抽样+哈希对拍(agent-delivery+主审),agent-delivery+主审,AUD-DEL
药衡智析_增量源码交接/public_source_candidate/07_交付/release_20260918/pages/S1/page-03.png,交付物,抽样+哈希对拍(agent-delivery+主审),agent-delivery+主审,AUD-DEL
药衡智析_增量源码交接/public_source_candidate/07_交付/release_20260918/pages/S1/page-04.png,交付物,抽样+哈希对拍(agent-delivery+主审),agent-delivery+主审,AUD-DEL
药衡智析_增量源码交接/public_source_candidate/07_交付/release_20260918/pages/S1/page-05.png,交付物,抽样+哈希对拍(agent-delivery+主审),agent-delivery+主审,AUD-DEL
药衡智析_增量源码交接/public_source_candidate/07_交付/release_20260918/pages/S1/page-06.png,交付物,抽样+哈希对拍(agent-delivery+主审),agent-delivery+主审,AUD-DEL
药衡智析_增量源码交接/public_source_candidate/07_交付/release_20260918/pages/S1/page-07.png,交付物,抽样+哈希对拍(agent-delivery+主审),agent-delivery+主审,AUD-DEL
药衡智析_增量源码交接/public_source_candidate/07_交付/release_20260918/pages/S2/page-01.png,交付物,抽样+哈希对拍(agent-delivery+主审),agent-delivery+主审,AUD-DEL
药衡智析_增量源码交接/public_source_candidate/07_交付/release_20260918/pages/S2/page-02.png,交付物,抽样+哈希对拍(agent-delivery+主审),agent-delivery+主审,AUD-DEL
药衡智析_增量源码交接/public_source_candidate/07_交付/release_20260918/pages/S2/page-03.png,交付物,抽样+哈希对拍(agent-delivery+主审),agent-delivery+主审,AUD-DEL
药衡智析_增量源码交接/public_source_candidate/07_交付/release_20260918/pages/S2/page-04.png,交付物,抽样+哈希对拍(agent-delivery+主审),agent-delivery+主审,AUD-DEL
药衡智析_增量源码交接/public_source_candidate/07_交付/release_20260918/pages/S2/page-05.png,交付物,抽样+哈希对拍(agent-delivery+主审),agent-delivery+主审,AUD-DEL
药衡智析_增量源码交接/public_source_candidate/07_交付/release_20260918/pages/S2/page-06.png,交付物,抽样+哈希对拍(agent-delivery+主审),agent-delivery+主审,AUD-DEL
药衡智析_增量源码交接/public_source_candidate/07_交付/release_20260918/pages/S2/page-07.png,交付物,抽样+哈希对拍(agent-delivery+主审),agent-delivery+主审,AUD-DEL
药衡智析_增量源码交接/public_source_candidate/07_交付/release_20260918/pages/S3/page-01.png,交付物,抽样+哈希对拍(agent-delivery+主审),agent-delivery+主审,AUD-DEL
药衡智析_增量源码交接/public_source_candidate/07_交付/release_20260918/pages/S3/page-02.png,交付物,抽样+哈希对拍(agent-delivery+主审),agent-delivery+主审,AUD-DEL
药衡智析_增量源码交接/public_source_candidate/07_交付/release_20260918/pages/S3/page-03.png,交付物,抽样+哈希对拍(agent-delivery+主审),agent-delivery+主审,AUD-DEL
药衡智析_增量源码交接/public_source_candidate/07_交付/release_20260918/pages/S3/page-04.png,交付物,抽样+哈希对拍(agent-delivery+主审),agent-delivery+主审,AUD-DEL
药衡智析_增量源码交接/public_source_candidate/07_交付/release_20260918/pages/S3/page-05.png,交付物,抽样+哈希对拍(agent-delivery+主审),agent-delivery+主审,AUD-DEL
药衡智析_增量源码交接/public_source_candidate/07_交付/release_20260918/pages/S3/page-06.png,交付物,抽样+哈希对拍(agent-delivery+主审),agent-delivery+主审,AUD-DEL
药衡智析_增量源码交接/public_source_candidate/07_交付/release_20260918/pages/S3/page-07.png,交付物,抽样+哈希对拍(agent-delivery+主审),agent-delivery+主审,AUD-DEL
药衡智析_增量源码交接/public_source_candidate/07_交付/release_20260918/pages/chemical/page-01.png,交付物,抽样+哈希对拍(agent-delivery+主审),agent-delivery+主审,AUD-DEL
药衡智析_增量源码交接/public_source_candidate/07_交付/release_20260918/pages/chemical/page-02.png,交付物,抽样+哈希对拍(agent-delivery+主审),agent-delivery+主审,AUD-DEL
药衡智析_增量源码交接/public_source_candidate/07_交付/release_20260918/pages/chemical/page-03.png,交付物,抽样+哈希对拍(agent-delivery+主审),agent-delivery+主审,AUD-DEL
药衡智析_增量源码交接/public_source_candidate/07_交付/release_20260918/pages/chemical/page-04.png,交付物,抽样+哈希对拍(agent-delivery+主审),agent-delivery+主审,AUD-DEL
药衡智析_增量源码交接/public_source_candidate/07_交付/release_20260918/pages/mechanical/page-01.png,交付物,抽样+哈希对拍(agent-delivery+主审),agent-delivery+主审,AUD-DEL
药衡智析_增量源码交接/public_source_candidate/07_交付/release_20260918/pages/mechanical/page-02.png,交付物,抽样+哈希对拍(agent-delivery+主审),agent-delivery+主审,AUD-DEL
药衡智析_增量源码交接/public_source_candidate/07_交付/release_20260918/pages/mechanical/page-03.png,交付物,抽样+哈希对拍(agent-delivery+主审),agent-delivery+主审,AUD-DEL
药衡智析_增量源码交接/public_source_candidate/07_交付/release_20260918/pages/pharma_synthetic/page-01.png,交付物,抽样+哈希对拍(agent-delivery+主审),agent-delivery+主审,AUD-DEL
药衡智析_增量源码交接/public_source_candidate/07_交付/release_20260918/pages/pharma_synthetic/page-02.png,交付物,抽样+哈希对拍(agent-delivery+主审),agent-delivery+主审,AUD-DEL
药衡智析_增量源码交接/public_source_candidate/07_交付/release_20260918/pages/pharma_synthetic/page-03.png,交付物,抽样+哈希对拍(agent-delivery+主审),agent-delivery+主审,AUD-DEL
药衡智析_增量源码交接/public_source_candidate/07_交付/release_20260918/release_manifest.json,交付物,抽样+哈希对拍(agent-delivery+主审),agent-delivery+主审,AUD-DEL
药衡智析_增量源码交接/public_source_candidate/07_交付/release_20260918/reports/Q2.docx,交付物,抽样+哈希对拍(agent-delivery+主审),agent-delivery+主审,AUD-DEL
药衡智析_增量源码交接/public_source_candidate/07_交付/release_20260918/reports/Q2.pdf,交付物,抽样+哈希对拍(agent-delivery+主审),agent-delivery+主审,AUD-DEL
药衡智析_增量源码交接/public_source_candidate/07_交付/release_20260918/reports/S1.docx,交付物,抽样+哈希对拍(agent-delivery+主审),agent-delivery+主审,AUD-DEL
药衡智析_增量源码交接/public_source_candidate/07_交付/release_20260918/reports/S1.pdf,交付物,抽样+哈希对拍(agent-delivery+主审),agent-delivery+主审,AUD-DEL
药衡智析_增量源码交接/public_source_candidate/07_交付/release_20260918/reports/S2.docx,交付物,抽样+哈希对拍(agent-delivery+主审),agent-delivery+主审,AUD-DEL
药衡智析_增量源码交接/public_source_candidate/07_交付/release_20260918/reports/S2.pdf,交付物,抽样+哈希对拍(agent-delivery+主审),agent-delivery+主审,AUD-DEL
药衡智析_增量源码交接/public_source_candidate/07_交付/release_20260918/reports/S3.docx,交付物,抽样+哈希对拍(agent-delivery+主审),agent-delivery+主审,AUD-DEL
药衡智析_增量源码交接/public_source_candidate/07_交付/release_20260918/reports/S3.pdf,交付物,抽样+哈希对拍(agent-delivery+主审),agent-delivery+主审,AUD-DEL
药衡智析_增量源码交接/public_source_candidate/07_交付/release_20260918/reports/chemical.docx,交付物,抽样+哈希对拍(agent-delivery+主审),agent-delivery+主审,AUD-DEL
药衡智析_增量源码交接/public_source_candidate/07_交付/release_20260918/reports/chemical.pdf,交付物,抽样+哈希对拍(agent-delivery+主审),agent-delivery+主审,AUD-DEL
药衡智析_增量源码交接/public_source_candidate/07_交付/release_20260918/reports/mechanical.docx,交付物,抽样+哈希对拍(agent-delivery+主审),agent-delivery+主审,AUD-DEL
药衡智析_增量源码交接/public_source_candidate/07_交付/release_20260918/reports/mechanical.pdf,交付物,抽样+哈希对拍(agent-delivery+主审),agent-delivery+主审,AUD-DEL
药衡智析_增量源码交接/public_source_candidate/07_交付/release_20260918/reports/pharma_synthetic.docx,交付物,抽样+哈希对拍(agent-delivery+主审),agent-delivery+主审,AUD-DEL
药衡智析_增量源码交接/public_source_candidate/07_交付/release_20260918/reports/pharma_synthetic.pdf,交付物,抽样+哈希对拍(agent-delivery+主审),agent-delivery+主审,AUD-DEL
药衡智析_增量源码交接/public_source_candidate/07_交付/release_20260918/ui/benchmark-real-stable.png,交付物,抽样+哈希对拍(agent-delivery+主审),agent-delivery+主审,AUD-DEL
药衡智析_增量源码交接/public_source_candidate/07_交付/release_20260918/ui/desktop-stable.png,交付物,抽样+哈希对拍(agent-delivery+主审),agent-delivery+主审,AUD-DEL
药衡智析_增量源码交接/public_source_candidate/07_交付/release_20260918/ui/mobile-stable.png,交付物,抽样+哈希对拍(agent-delivery+主审),agent-delivery+主审,AUD-DEL
药衡智析_增量源码交接/public_source_candidate/AGENTS.md,其他,已列清单,主审,'-
药衡智析_增量源码交接/public_source_candidate/CONTEXT.md,其他,已列清单,主审,'-
药衡智析_增量源码交接/public_source_candidate/README.md,其他,已列清单,主审,'-
药衡智析_增量源码交接/public_source_candidate/competition_configuration/knowledge_supplement/历史成本异常处理记录_中药一厂_企业内部知识.txt,竞赛配置,全读(agent-rag/industry),agent-rag+industry,AUD-RAG/AUD-IND
药衡智析_增量源码交接/public_source_candidate/competition_configuration/knowledge_supplement/对标基线_中药一厂_企业内部知识.txt,竞赛配置,全读(agent-rag/industry),agent-rag+industry,AUD-RAG/AUD-IND
药衡智析_增量源码交接/public_source_candidate/competition_configuration/knowledge_supplement/药材市场行情_行业知识_2026上半年.txt,竞赛配置,全读(agent-rag/industry),agent-rag+industry,AUD-RAG/AUD-IND
药衡智析_增量源码交接/public_source_candidate/competition_configuration/knowledge_supplement/行业成本基准_行业知识_2026.txt,竞赛配置,全读(agent-rag/industry),agent-rag+industry,AUD-RAG/AUD-IND
药衡智析_增量源码交接/public_source_candidate/competition_configuration/pharmaceutical_masterdata.json,竞赛配置,全读(agent-rag/industry),agent-rag+industry,AUD-RAG/AUD-IND
药衡智析_增量源码交接/public_source_candidate/competition_configuration/pharmaceutical_terminology_original.json,竞赛配置,全读(agent-rag/industry),agent-rag+industry,AUD-RAG/AUD-IND
药衡智析_增量源码交接/public_source_candidate/competition_configuration/scenarios.json,竞赛配置,全读(agent-rag/industry),agent-rag+industry,AUD-RAG/AUD-IND
药衡智析_增量源码交接/public_source_candidate/competition_configuration/synthetic_detail_中药二厂/中药二厂_人工工时明细_合成_2025-2026.csv,竞赛配置,全读(agent-rag/industry),agent-rag+industry,AUD-RAG/AUD-IND
药衡智析_增量源码交接/public_source_candidate/competition_configuration/synthetic_detail_中药二厂/中药二厂_制造费用明细_合成_2025-2026.csv,竞赛配置,全读(agent-rag/industry),agent-rag+industry,AUD-RAG/AUD-IND
药衡智析_增量源码交接/public_source_candidate/competition_configuration/synthetic_detail_中药二厂/中药二厂_原材料消耗明细_合成_2025-2026.csv,竞赛配置,全读(agent-rag/industry),agent-rag+industry,AUD-RAG/AUD-IND
药衡智析_增量源码交接/public_source_candidate/docs/Matt-skills-LICENSE.txt,项目文档,抽查对证(agent-delivery/industry),agent-delivery,AUD-DEL/AUD-IND
药衡智析_增量源码交接/public_source_candidate/docs/ZCODE_HANDOFF.md,项目文档,抽查对证(agent-delivery/industry),agent-delivery,AUD-DEL/AUD-IND
药衡智析_增量源码交接/public_source_candidate/docs/adr/0001-deterministic-cost-engine-owns-numbers.md,项目文档,抽查对证(agent-delivery/industry),agent-delivery,AUD-DEL/AUD-IND
药衡智析_增量源码交接/public_source_candidate/docs/adr/0002-local-first-lightweight-rag.md,项目文档,抽查对证(agent-delivery/industry),agent-delivery,AUD-DEL/AUD-IND
药衡智析_增量源码交接/public_source_candidate/docs/adr/0003-framework-compatibility-and-local-fallback.md,项目文档,抽查对证(agent-delivery/industry),agent-delivery,AUD-DEL/AUD-IND
药衡智析_增量源码交接/public_source_candidate/docs/adr/0004-industry-packs.md,项目文档,抽查对证(agent-delivery/industry),agent-delivery,AUD-DEL/AUD-IND
药衡智析_增量源码交接/public_source_candidate/docs/api_and_operations.md,项目文档,抽查对证(agent-delivery/industry),agent-delivery,AUD-DEL/AUD-IND
药衡智析_增量源码交接/public_source_candidate/docs/architecture.md,项目文档,抽查对证(agent-delivery/industry),agent-delivery,AUD-DEL/AUD-IND
药衡智析_增量源码交接/public_source_candidate/docs/competition-assets.json,项目文档,抽查对证(agent-delivery/industry),agent-delivery,AUD-DEL/AUD-IND
药衡智析_增量源码交接/public_source_candidate/docs/current_run.json,项目文档,抽查对证(agent-delivery/industry),agent-delivery,AUD-DEL/AUD-IND
药衡智析_增量源码交接/public_source_candidate/docs/current_run_before_20260919.json,项目文档,抽查对证(agent-delivery/industry),agent-delivery,AUD-DEL/AUD-IND
药衡智析_增量源码交接/public_source_candidate/docs/data_contract.md,项目文档,抽查对证(agent-delivery/industry),agent-delivery,AUD-DEL/AUD-IND
药衡智析_增量源码交接/public_source_candidate/docs/embedding_manifest.json,项目文档,抽查对证(agent-delivery/industry),agent-delivery,AUD-DEL/AUD-IND
药衡智析_增量源码交接/public_source_candidate/docs/evaluation_report.md,项目文档,抽查对证(agent-delivery/industry),agent-delivery,AUD-DEL/AUD-IND
药衡智析_增量源码交接/public_source_candidate/docs/implementation_status.md,项目文档,抽查对证(agent-delivery/industry),agent-delivery,AUD-DEL/AUD-IND
药衡智析_增量源码交接/public_source_candidate/docs/industry/development.md,项目文档,抽查对证(agent-delivery/industry),agent-delivery,AUD-DEL/AUD-IND
药衡智析_增量源码交接/public_source_candidate/docs/industry/extending.md,项目文档,抽查对证(agent-delivery/industry),agent-delivery,AUD-DEL/AUD-IND
药衡智析_增量源码交接/public_source_candidate/docs/industry/migration-evidence.md,项目文档,抽查对证(agent-delivery/industry),agent-delivery,AUD-DEL/AUD-IND
药衡智析_增量源码交接/public_source_candidate/docs/industry/research-ledger.md,项目文档,抽查对证(agent-delivery/industry),agent-delivery,AUD-DEL/AUD-IND
药衡智析_增量源码交接/public_source_candidate/docs/privacy-removals.json,项目文档,抽查对证(agent-delivery/industry),agent-delivery,AUD-DEL/AUD-IND
药衡智析_增量源码交接/public_source_candidate/docs/privacy_boundary.md,项目文档,抽查对证(agent-delivery/industry),agent-delivery,AUD-DEL/AUD-IND
药衡智析_增量源码交接/public_source_candidate/docs/prompt_design.md,项目文档,抽查对证(agent-delivery/industry),agent-delivery,AUD-DEL/AUD-IND
药衡智析_增量源码交接/public_source_candidate/docs/publication-authorization.md,项目文档,抽查对证(agent-delivery/industry),agent-delivery,AUD-DEL/AUD-IND
药衡智析_增量源码交接/public_source_candidate/docs/rag.md,项目文档,抽查对证(agent-delivery/industry),agent-delivery,AUD-DEL/AUD-IND
药衡智析_增量源码交接/public_source_candidate/docs/retrieval_contracts.md,项目文档,抽查对证(agent-delivery/industry),agent-delivery,AUD-DEL/AUD-IND
药衡智析_增量源码交接/public_source_candidate/docs/template_parsing.md,项目文档,抽查对证(agent-delivery/industry),agent-delivery,AUD-DEL/AUD-IND
药衡智析_增量源码交接/public_source_candidate/docs/third_party_reuse.md,项目文档,抽查对证(agent-delivery/industry),agent-delivery,AUD-DEL/AUD-IND
药衡智析_增量源码交接/public_source_candidate/docs/validation/audit-summary.json,项目文档,抽查对证(agent-delivery/industry),agent-delivery,AUD-DEL/AUD-IND
药衡智析_增量源码交接/public_source_candidate/docs/validation/bonus_20260918_glm_v18b/manifest.json,项目文档,抽查对证(agent-delivery/industry),agent-delivery,AUD-DEL/AUD-IND
药衡智析_增量源码交接/public_source_candidate/docs/validation/bonus_20260918_glm_v18b/model_live.json,项目文档,抽查对证(agent-delivery/industry),agent-delivery,AUD-DEL/AUD-IND
药衡智析_增量源码交接/public_source_candidate/docs/validation/bonus_20260918_glm_v18b/retrieval.json,项目文档,抽查对证(agent-delivery/industry),agent-delivery,AUD-DEL/AUD-IND
药衡智析_增量源码交接/public_source_candidate/docs/validation/bonus_20260918_glm_v18b/rpa.json,项目文档,抽查对证(agent-delivery/industry),agent-delivery,AUD-DEL/AUD-IND
药衡智析_增量源码交接/public_source_candidate/docs/validation/delivery_20260918_47c5806/artifact_audit.json,项目文档,抽查对证(agent-delivery/industry),agent-delivery,AUD-DEL/AUD-IND
药衡智析_增量源码交接/public_source_candidate/docs/validation/delivery_20260918_47c5806/browser.json,项目文档,抽查对证(agent-delivery/industry),agent-delivery,AUD-DEL/AUD-IND
药衡智析_增量源码交接/public_source_candidate/docs/validation/delivery_20260918_47c5806/model_live.json,项目文档,抽查对证(agent-delivery/industry),agent-delivery,AUD-DEL/AUD-IND
药衡智析_增量源码交接/public_source_candidate/docs/validation/delivery_20260918_47c5806/retrieval.json,项目文档,抽查对证(agent-delivery/industry),agent-delivery,AUD-DEL/AUD-IND
药衡智析_增量源码交接/public_source_candidate/docs/validation/delivery_20260918_47c5806/rpa.json,项目文档,抽查对证(agent-delivery/industry),agent-delivery,AUD-DEL/AUD-IND
药衡智析_增量源码交接/public_source_candidate/docs/validation/delivery_20260918_47c5806/three_step.json,项目文档,抽查对证(agent-delivery/industry),agent-delivery,AUD-DEL/AUD-IND
药衡智析_增量源码交接/public_source_candidate/docs/validation/delivery_20260918_47c5806/verification.json,项目文档,抽查对证(agent-delivery/industry),agent-delivery,AUD-DEL/AUD-IND
药衡智析_增量源码交接/public_source_candidate/docs/validation/delivery_20260918_47c5806/visual.json,项目文档,抽查对证(agent-delivery/industry),agent-delivery,AUD-DEL/AUD-IND
药衡智析_增量源码交接/public_source_candidate/docs/validation/delivery_20260919_26/browser.json,项目文档,抽查对证(agent-delivery/industry),agent-delivery,AUD-DEL/AUD-IND
药衡智析_增量源码交接/public_source_candidate/docs/validation/delivery_20260919_26/demo_attempt1.json,项目文档,抽查对证(agent-delivery/industry),agent-delivery,AUD-DEL/AUD-IND
药衡智析_增量源码交接/public_source_candidate/docs/validation/delivery_20260919_26/demo_attempt2.json,项目文档,抽查对证(agent-delivery/industry),agent-delivery,AUD-DEL/AUD-IND
药衡智析_增量源码交接/public_source_candidate/docs/validation/delivery_20260919_26/environment.json,项目文档,抽查对证(agent-delivery/industry),agent-delivery,AUD-DEL/AUD-IND
药衡智析_增量源码交接/public_source_candidate/docs/validation/delivery_20260919_26/manifest.json,项目文档,抽查对证(agent-delivery/industry),agent-delivery,AUD-DEL/AUD-IND
药衡智析_增量源码交接/public_source_candidate/docs/validation/delivery_20260919_26/model_live.json,项目文档,抽查对证(agent-delivery/industry),agent-delivery,AUD-DEL/AUD-IND
药衡智析_增量源码交接/public_source_candidate/docs/validation/delivery_20260919_26/regression.json,项目文档,抽查对证(agent-delivery/industry),agent-delivery,AUD-DEL/AUD-IND
药衡智析_增量源码交接/public_source_candidate/docs/validation/delivery_20260919_26/retrieval.json,项目文档,抽查对证(agent-delivery/industry),agent-delivery,AUD-DEL/AUD-IND
药衡智析_增量源码交接/public_source_candidate/docs/validation/delivery_20260919_26/rpa.json,项目文档,抽查对证(agent-delivery/industry),agent-delivery,AUD-DEL/AUD-IND
药衡智析_增量源码交接/public_source_candidate/docs/validation/delivery_20260919_26/visual.json,项目文档,抽查对证(agent-delivery/industry),agent-delivery,AUD-DEL/AUD-IND
药衡智析_增量源码交接/public_source_candidate/docs/validation/delivery_20260919_final/browser.json,项目文档,抽查对证(agent-delivery/industry),agent-delivery,AUD-DEL/AUD-IND
药衡智析_增量源码交接/public_source_candidate/docs/validation/delivery_20260919_final/demo.json,项目文档,抽查对证(agent-delivery/industry),agent-delivery,AUD-DEL/AUD-IND
药衡智析_增量源码交接/public_source_candidate/docs/validation/delivery_20260919_final/environment.json,项目文档,抽查对证(agent-delivery/industry),agent-delivery,AUD-DEL/AUD-IND
药衡智析_增量源码交接/public_source_candidate/docs/validation/delivery_20260919_final/manifest.json,项目文档,抽查对证(agent-delivery/industry),agent-delivery,AUD-DEL/AUD-IND
药衡智析_增量源码交接/public_source_candidate/docs/validation/delivery_20260919_final/model_live.json,项目文档,抽查对证(agent-delivery/industry),agent-delivery,AUD-DEL/AUD-IND
药衡智析_增量源码交接/public_source_candidate/docs/validation/delivery_20260919_final/model_provenance.json,项目文档,抽查对证(agent-delivery/industry),agent-delivery,AUD-DEL/AUD-IND
药衡智析_增量源码交接/public_source_candidate/docs/validation/delivery_20260919_final/presentation.json,项目文档,抽查对证(agent-delivery/industry),agent-delivery,AUD-DEL/AUD-IND
药衡智析_增量源码交接/public_source_candidate/docs/validation/delivery_20260919_final/regression.json,项目文档,抽查对证(agent-delivery/industry),agent-delivery,AUD-DEL/AUD-IND
药衡智析_增量源码交接/public_source_candidate/docs/validation/delivery_20260919_final/retrieval.json,项目文档,抽查对证(agent-delivery/industry),agent-delivery,AUD-DEL/AUD-IND
药衡智析_增量源码交接/public_source_candidate/docs/validation/delivery_20260919_final/rpa.json,项目文档,抽查对证(agent-delivery/industry),agent-delivery,AUD-DEL/AUD-IND
药衡智析_增量源码交接/public_source_candidate/docs/validation/delivery_20260919_final/verification.json,项目文档,抽查对证(agent-delivery/industry),agent-delivery,AUD-DEL/AUD-IND
药衡智析_增量源码交接/public_source_candidate/docs/validation/delivery_20260919_final/visual.json,项目文档,抽查对证(agent-delivery/industry),agent-delivery,AUD-DEL/AUD-IND
药衡智析_增量源码交接/public_source_candidate/docs/validation/delivery_20260921/manifest.json,项目文档,抽查对证(agent-delivery/industry),agent-delivery,AUD-DEL/AUD-IND
药衡智析_增量源码交接/public_source_candidate/docs/validation/delivery_20260921/verification.json,项目文档,抽查对证(agent-delivery/industry),agent-delivery,AUD-DEL/AUD-IND
药衡智析_增量源码交接/public_source_candidate/docs/validation/release_20260918_26efd3a_air2/browser.json,项目文档,抽查对证(agent-delivery/industry),agent-delivery,AUD-DEL/AUD-IND
药衡智析_增量源码交接/public_source_candidate/docs/validation/release_20260918_26efd3a_air2/manifest.json,项目文档,抽查对证(agent-delivery/industry),agent-delivery,AUD-DEL/AUD-IND
药衡智析_增量源码交接/public_source_candidate/docs/validation/release_20260918_26efd3a_air2/model_live.json,项目文档,抽查对证(agent-delivery/industry),agent-delivery,AUD-DEL/AUD-IND
药衡智析_增量源码交接/public_source_candidate/docs/validation/release_20260918_26efd3a_air2/retrieval.json,项目文档,抽查对证(agent-delivery/industry),agent-delivery,AUD-DEL/AUD-IND
药衡智析_增量源码交接/public_source_candidate/docs/validation/release_20260918_26efd3a_air2/rpa.json,项目文档,抽查对证(agent-delivery/industry),agent-delivery,AUD-DEL/AUD-IND
药衡智析_增量源码交接/public_source_candidate/docs/validation/release_20260918_26efd3a_air2/verification.json,项目文档,抽查对证(agent-delivery/industry),agent-delivery,AUD-DEL/AUD-IND
药衡智析_增量源码交接/public_source_candidate/docs/validation/release_20260918_5974275/browser.json,项目文档,抽查对证(agent-delivery/industry),agent-delivery,AUD-DEL/AUD-IND
药衡智析_增量源码交接/public_source_candidate/docs/validation/release_20260918_5974275/manifest.json,项目文档,抽查对证(agent-delivery/industry),agent-delivery,AUD-DEL/AUD-IND
药衡智析_增量源码交接/public_source_candidate/docs/validation/release_20260918_5974275/model_live.json,项目文档,抽查对证(agent-delivery/industry),agent-delivery,AUD-DEL/AUD-IND
药衡智析_增量源码交接/public_source_candidate/docs/validation/release_20260918_5974275/retrieval.json,项目文档,抽查对证(agent-delivery/industry),agent-delivery,AUD-DEL/AUD-IND
药衡智析_增量源码交接/public_source_candidate/docs/validation/release_20260918_5974275/rpa.json,项目文档,抽查对证(agent-delivery/industry),agent-delivery,AUD-DEL/AUD-IND
药衡智析_增量源码交接/public_source_candidate/docs/validation/release_20260918_5974275/verification.json,项目文档,抽查对证(agent-delivery/industry),agent-delivery,AUD-DEL/AUD-IND
药衡智析_增量源码交接/public_source_candidate/docs/validation/release_20260918_6ff894f/artifact_audit.json,项目文档,抽查对证(agent-delivery/industry),agent-delivery,AUD-DEL/AUD-IND
药衡智析_增量源码交接/public_source_candidate/docs/validation/release_20260918_6ff894f/browser.json,项目文档,抽查对证(agent-delivery/industry),agent-delivery,AUD-DEL/AUD-IND
药衡智析_增量源码交接/public_source_candidate/docs/validation/release_20260918_6ff894f/complete_archive.json,项目文档,抽查对证(agent-delivery/industry),agent-delivery,AUD-DEL/AUD-IND
药衡智析_增量源码交接/public_source_candidate/docs/validation/release_20260918_6ff894f/model_live.json,项目文档,抽查对证(agent-delivery/industry),agent-delivery,AUD-DEL/AUD-IND
药衡智析_增量源码交接/public_source_candidate/docs/validation/release_20260918_6ff894f/render_comparison.json,项目文档,抽查对证(agent-delivery/industry),agent-delivery,AUD-DEL/AUD-IND
药衡智析_增量源码交接/public_source_candidate/docs/validation/release_20260918_6ff894f/retrieval.json,项目文档,抽查对证(agent-delivery/industry),agent-delivery,AUD-DEL/AUD-IND
药衡智析_增量源码交接/public_source_candidate/docs/validation/release_20260918_6ff894f/rpa.json,项目文档,抽查对证(agent-delivery/industry),agent-delivery,AUD-DEL/AUD-IND
药衡智析_增量源码交接/public_source_candidate/docs/validation/release_20260918_6ff894f/three_step.json,项目文档,抽查对证(agent-delivery/industry),agent-delivery,AUD-DEL/AUD-IND
药衡智析_增量源码交接/public_source_candidate/docs/validation/release_20260918_6ff894f/verification.json,项目文档,抽查对证(agent-delivery/industry),agent-delivery,AUD-DEL/AUD-IND
药衡智析_增量源码交接/public_source_candidate/docs/validation/release_20260918_6ff894f/visual.json,项目文档,抽查对证(agent-delivery/industry),agent-delivery,AUD-DEL/AUD-IND
药衡智析_增量源码交接/public_source_candidate/docs/validation/release_20260918_bc854cc/browser.json,项目文档,抽查对证(agent-delivery/industry),agent-delivery,AUD-DEL/AUD-IND
药衡智析_增量源码交接/public_source_candidate/docs/validation/release_20260918_bc854cc/manifest.json,项目文档,抽查对证(agent-delivery/industry),agent-delivery,AUD-DEL/AUD-IND
药衡智析_增量源码交接/public_source_candidate/docs/validation/release_20260918_bc854cc/model_live.json,项目文档,抽查对证(agent-delivery/industry),agent-delivery,AUD-DEL/AUD-IND
药衡智析_增量源码交接/public_source_candidate/docs/validation/release_20260918_bc854cc/retrieval.json,项目文档,抽查对证(agent-delivery/industry),agent-delivery,AUD-DEL/AUD-IND
药衡智析_增量源码交接/public_source_candidate/docs/validation/release_20260918_bc854cc/rpa.json,项目文档,抽查对证(agent-delivery/industry),agent-delivery,AUD-DEL/AUD-IND
药衡智析_增量源码交接/public_source_candidate/docs/validation/release_20260918_bc854cc/verification.json,项目文档,抽查对证(agent-delivery/industry),agent-delivery,AUD-DEL/AUD-IND
药衡智析_增量源码交接/public_source_candidate/docs/数据全流程与归因方法评估_20260922.md,项目文档,抽查对证(agent-delivery/industry),agent-delivery,AUD-DEL/AUD-IND
药衡智析启动器.bat,仓库根,已读,agent-delivery/主审,AUD-DEL/AUD-DEP
