path	bytes	sha256	git_blob	proposed_action
.gitattributes	468	71ea5016b891bef51ac2c386619332dd5185bd057c20606661b1b87f20d0a5ca	4b6aba95503f9b08ea6e068fcf58fd85e7b56908	保留当前源码/文档/合同/测试/凭据；补导航即可
.gitignore	4738	b47f4ab37fe8c94630a149bb83ae7c59d0a21adabea6a63f31d6985190a11f35	32e6b673c4b9274453710eeda71507164acc3638	保留当前源码/文档/合同/测试/凭据；补导航即可
README.md	1376	0c0858f8bc3a469a018b10c90fcce227f1cb728de339525b556ed0ba01d747f5	b2d9d5235017597f157e2c4c5a53c4868f7b2237	保留当前源码/文档/合同/测试/凭据；补导航即可
ZCODE_HANDOFF.md	226	65d404f0fa6eaf64fba098946bb35ae43686c2d21929f14d79de2f592969dfcc	c7a57ac74afc80217e5e7569531a73fe2560cfa1	保留当前源码/文档/合同/测试/凭据；补导航即可
双模型接续审计.md	316	3ab62f2afa75dac27f2531b84efad3c035890a73cb10969649d2f789610e49e3	4483c2a4d41beb6d31d435ce22a8acb414882926	保留当前源码/文档/合同/测试/凭据；补导航即可
药衡智析_增量源码交接/README.md	391	44b2fb018541ec9bedae48893ec0e9c0d0174ec57f0245ff065707a57c8b34fb	50b06f80a2928f15f9299a81b77f0325c044239b	保留当前源码/文档/合同/测试/凭据；补导航即可
药衡智析_增量源码交接/prepare_team_workspace.py	1913	3c28a8bd3fe943d80c64242d23de09a6faabe6433c1834ee2d93d048887857de	9a0a179318c20e644854937ad46c3f9913cb24bd	保留并补工具入口；没有已证实可删的孤立脚本
药衡智析_增量源码交接/public_source_candidate/00_赛题原始资料/7.（创灵境）2026年第二届重庆市AI大模型创新应用大赛企业出题.docx	35554	99a284a536eeb4d4da86b0285a0f280e1f85c0fe4d4d20b3ff7634f6281c2a6f	d8ecf81a7367151724f3edb3f41ccdfbdd652052	保留原样；不列删除候选
药衡智析_增量源码交接/public_source_candidate/00_赛题原始资料/创灵境_考题模拟数据1.1.zip	2095253	99b20a025648042911c42943fb052f418cddafd21b2d1fb2e13888066b6df3a7	ec365a279978429109e4894e53d8d0fb5c060d10	保留原样；不列删除候选
药衡智析_增量源码交接/public_source_candidate/00_赛题原始资料/模拟数据_V1.1_净化解压/创灵境_考题模拟数据/01_成本明细数据/中药一厂_人工工时明细_2026年1-6月.csv	1565	cb4d519b474fe144dcbba64988039e60d5207c3bc44c5927e903bdf5ba4bf323	117fa32eb145d0dddf3a34182f7bf5eec9e0415d	保留原样；不列删除候选
药衡智析_增量源码交接/public_source_candidate/00_赛题原始资料/模拟数据_V1.1_净化解压/创灵境_考题模拟数据/01_成本明细数据/中药一厂_制造费用明细_2026年1-6月.csv	8086	9fe8245f517e8cd787d58e9113f93d08521043975a4997dead3329e12caee90f	d191d81c920a3051c9e8c2ad9fd1b39126bc8037	保留原样；不列删除候选
药衡智析_增量源码交接/public_source_candidate/00_赛题原始资料/模拟数据_V1.1_净化解压/创灵境_考题模拟数据/01_成本明细数据/中药一厂_原材料消耗明细_2026年1-6月.csv	10175	911cb2ac45043f027848df6ad7daea55c0f3d6b4d2a2397a783abfb1b71be8d5	49569b6f8464bcb15ee4e0605698e69f2b24b6d4	保留原样；不列删除候选
药衡智析_增量源码交接/public_source_candidate/00_赛题原始资料/模拟数据_V1.1_净化解压/创灵境_考题模拟数据/01_成本明细数据/中药一厂_成本汇总_2025年1-6月.csv	1780	a0d573417032d3fa865af82567fc81e1cad151678fe4f4fd77464f259fc3d96b	54bd8bb4ef5ccc9f4503d114b9dc448090f3139e	保留原样；不列删除候选
药衡智析_增量源码交接/public_source_candidate/00_赛题原始资料/模拟数据_V1.1_净化解压/创灵境_考题模拟数据/01_成本明细数据/中药一厂_成本汇总_2026年1-6月.csv	1779	08b6be09c9297d8df82b346cfa83507f34a278d7a000187960768d9bb4931c26	5a69790c44fe74e9073cf51e820f4ea8bd3ee473	保留原样；不列删除候选
药衡智析_增量源码交接/public_source_candidate/00_赛题原始资料/模拟数据_V1.1_净化解压/创灵境_考题模拟数据/01_成本明细数据/中药一厂_预算数据_2026年.csv	1779	987526c99f4a98a2775830c110506460a6027eafcf9d6cf7a07a01eb74cef9aa	1e5a5ea4d22fa3c2a242c7e01263c970a95f3f15	保留原样；不列删除候选
药衡智析_增量源码交接/public_source_candidate/00_赛题原始资料/模拟数据_V1.1_净化解压/创灵境_考题模拟数据/01_成本明细数据/中药二厂_成本汇总_2025年1-6月.csv	1779	37dfacdddb93cda4d1d0df4f42043b48bc27429121d58384dfec51d7bb42eb09	3dc5b7d5bc602616279ebafe65964fe0e65726a9	保留原样；不列删除候选
药衡智析_增量源码交接/public_source_candidate/00_赛题原始资料/模拟数据_V1.1_净化解压/创灵境_考题模拟数据/01_成本明细数据/中药二厂_成本汇总_2026年1-6月.csv	1781	8cb6f41faaa944f98060b0ae2e3fc989420cad0d0b03227dd160127567f3b240	88a29462d2a7ecdd723657412cd4e2ed55cc9549	保留原样；不列删除候选
药衡智析_增量源码交接/public_source_candidate/00_赛题原始资料/模拟数据_V1.1_净化解压/创灵境_考题模拟数据/02_行业参考数据/药材市场价格行情_2026年上半年.csv	1583	44210be6e6fdb89e0212e544f63cd5f8cfe72389716019c1ddffcc5032cdf94c	5aef6a26b7fd6a27abce78f8639b08745288f089	保留原样；不列删除候选
药衡智析_增量源码交接/public_source_candidate/00_赛题原始资料/模拟数据_V1.1_净化解压/创灵境_考题模拟数据/02_行业参考数据/行业成本基准数据_2026.csv	1378	31fa1383e2cf2c9d38da3eee3d5398b207c1806a6b67bb18e222f6eddf4154ed	411cc1a7fc03b926f54facf91cbedf1a4b78087a	保留原样；不列删除候选
药衡智析_增量源码交接/public_source_candidate/00_赛题原始资料/模拟数据_V1.1_净化解压/创灵境_考题模拟数据/03_制药知识文档/GMP法规核心摘要_2010修订版.pdf	815792	2e599f526df282da063695de31a7007b97c7ff1ad16d7a97c91747f32534a048	8784417862f86a3747aada417cbf7151abf15b4d	保留原样；不列删除候选
药衡智析_增量源码交接/public_source_candidate/00_赛题原始资料/模拟数据_V1.1_净化解压/创灵境_考题模拟数据/03_制药知识文档/产品配方文档_六味地黄胶囊.pdf	436675	281a6829ed15ce1df55d9c13f16fd5052e26276a6d30020520967657431eb4e7	c3dbee4183d86e30ebf81a664374cd21f7d1dda2	保留原样；不列删除候选
药衡智析_增量源码交接/public_source_candidate/00_赛题原始资料/模拟数据_V1.1_净化解压/创灵境_考题模拟数据/03_制药知识文档/产品配方文档_板蓝根颗粒.pdf	386196	5f1dd55e4a388b190fc74c601f0589574bccbfa716a2025ea3e79857dd2eec47	6cb881331b2946475b242f2a87c8af50c5f3c10b	保留原样；不列删除候选
药衡智析_增量源码交接/public_source_candidate/00_赛题原始资料/模拟数据_V1.1_净化解压/创灵境_考题模拟数据/03_制药知识文档/产品配方文档_银黄口服液.pdf	345398	834aa8a81c2938dfb9e6ec28b8743ea0e667c237e06a6609415d97fe3b85b5ad	c492385c261994693223e2dc0f6345824e0db52e	保留原样；不列删除候选
药衡智析_增量源码交接/public_source_candidate/00_赛题原始资料/模拟数据_V1.1_净化解压/创灵境_考题模拟数据/03_制药知识文档/生产工艺文档_中药一厂.pdf	542078	aa7d48f697f2caa2bedf5b16e84a4d4765d3c92a52a619a7a93360764d7d8e00	61bf72f8fe08ed4da40f7a507310f075d6cde3f1	保留原样；不列删除候选
药衡智析_增量源码交接/public_source_candidate/00_赛题原始资料/模拟数据_V1.1_净化解压/创灵境_考题模拟数据/03_制药知识文档/药品生产质量管理规范GMP.pdf	483607	871f86bfaa610bb0db8b84b0f45606019fe889ec437695baf150cbe696cfa102	285e64d709dcf5ee3b8b5c8e50bdf5e969a8cfc4	保留原样；不列删除候选
药衡智析_增量源码交接/public_source_candidate/00_赛题原始资料/模拟数据_V1.1_净化解压/创灵境_考题模拟数据/03_制药知识文档/车间设备清单_中药一厂.pdf	375424	1e3808fc86fece94d3736690f087c218b8e082e6defe869e68bbdfdcdce7e503	c0b768942b42f5abe5ddf7af76776b0effd04580	保留原样；不列删除候选
药衡智析_增量源码交接/public_source_candidate/00_赛题原始资料/模拟数据_V1.1_净化解压/创灵境_考题模拟数据/04_报告模板/月度成本分析报告模板.docx	35829	188cbf06bd08df87acb1d9b4f33a0a13074a971249f14a9b0f1ca15544c509d6	dd24657a056acbe46102b1358b804a215bea8946	保留原样；不列删除候选
药衡智析_增量源码交接/public_source_candidate/00_赛题原始资料/模拟数据_V1.1_净化解压/创灵境_考题模拟数据/04_报告模板/月度成本分析报告模板.md	6131	483b9159311f9ddba2bae6a9d900f0a4f9389bc44e8d47198e2208f64b20e18e	d24734e121c6b5af995f06164141bb0bffa9a500	保留原样；不列删除候选
药衡智析_增量源码交接/public_source_candidate/00_赛题原始资料/模拟数据_V1.1_净化解压/创灵境_考题模拟数据/05_RPA接口文档/Dockerfile	185	83d5da6eb23a6400c9fac4e1a44a65c9c7c10a5c77b35cec85be1db51aa652e4	6b2d2df9cf46171f03736c306f2628b35456e488	保留原样；不列删除候选
药衡智析_增量源码交接/public_source_candidate/00_赛题原始资料/模拟数据_V1.1_净化解压/创灵境_考题模拟数据/05_RPA接口文档/mock_rpa_server.py	8471	b6fce8123830cba27b27f167b7ee2c8cdb905d878a8dff65683aeadf676a5d1e	786b36d9cb471975c6088fb9796c5507b9d58ec1	保留原样；不列删除候选
药衡智析_增量源码交接/public_source_candidate/00_赛题原始资料/模拟数据_V1.1_净化解压/创灵境_考题模拟数据/05_RPA接口文档/requirements.txt	26	72b7dd981782e40c30a580b5bc5233a96ece788ba1e69d7686917830d40ee106	364e2ee48ed028108fe2a2dc80d0090a5f3c4247	保留原样；不列删除候选
药衡智析_增量源码交接/public_source_candidate/00_赛题原始资料/模拟数据_V1.1_净化解压/创灵境_考题模拟数据/05_RPA接口文档/模拟RPA接口文档.md	10167	3996d3c28ca62c44c84f3c74e715316a4a090f837602c03df817793f8c9d9b14	6e451405ec9844b60e5dd979bf18fd550fd30dfb	保留原样；不列删除候选
药衡智析_增量源码交接/public_source_candidate/00_赛题原始资料/模拟数据_V1.1_净化解压/创灵境_考题模拟数据/README.md	11058	082518cfe7044f2d1cad85eab2aac78671fe83b8daeed8d0ea19035ba207833c	5ef3356ce13fae9cc2954981d2dd936d9ca34114	保留原样；不列删除候选
药衡智析_增量源码交接/public_source_candidate/00_赛题原始资料/模拟数据_V1.1_净化解压/创灵境_考题模拟数据/问题检查报告.md	3201	14551b4b2780d9891df8fd700bee98046c02efa68227242d53a6c4e8f7af4a2c	5b366f15e5059cc4e2ef343e891ce3e74ce31123	保留原样；不列删除候选
药衡智析_增量源码交接/public_source_candidate/00_赛题原始资料/赛题要求_企业出题创灵境.md	13660	fd270e382464210f8bd64703d82d75e7d25ff2d7afa38c8b1c0599c7e0f761aa	0396cfab8f00efd5ea90c0d1919484596410b0b8	保留原样；不列删除候选
药衡智析_增量源码交接/public_source_candidate/01_数据/00_原始/01_成本明细数据/中药一厂_人工工时明细_2026年1-6月.csv	1565	cb4d519b474fe144dcbba64988039e60d5207c3bc44c5927e903bdf5ba4bf323	117fa32eb145d0dddf3a34182f7bf5eec9e0415d	条件性去重候选；本轮保留
药衡智析_增量源码交接/public_source_candidate/01_数据/00_原始/01_成本明细数据/中药一厂_制造费用明细_2026年1-6月.csv	8086	9fe8245f517e8cd787d58e9113f93d08521043975a4997dead3329e12caee90f	d191d81c920a3051c9e8c2ad9fd1b39126bc8037	条件性去重候选；本轮保留
药衡智析_增量源码交接/public_source_candidate/01_数据/00_原始/01_成本明细数据/中药一厂_原材料消耗明细_2026年1-6月.csv	10175	911cb2ac45043f027848df6ad7daea55c0f3d6b4d2a2397a783abfb1b71be8d5	49569b6f8464bcb15ee4e0605698e69f2b24b6d4	条件性去重候选；本轮保留
药衡智析_增量源码交接/public_source_candidate/01_数据/00_原始/01_成本明细数据/中药一厂_成本汇总_2025年1-6月.csv	1780	a0d573417032d3fa865af82567fc81e1cad151678fe4f4fd77464f259fc3d96b	54bd8bb4ef5ccc9f4503d114b9dc448090f3139e	条件性去重候选；本轮保留
药衡智析_增量源码交接/public_source_candidate/01_数据/00_原始/01_成本明细数据/中药一厂_成本汇总_2026年1-6月.csv	1779	08b6be09c9297d8df82b346cfa83507f34a278d7a000187960768d9bb4931c26	5a69790c44fe74e9073cf51e820f4ea8bd3ee473	条件性去重候选；本轮保留
药衡智析_增量源码交接/public_source_candidate/01_数据/00_原始/01_成本明细数据/中药一厂_预算数据_2026年.csv	1779	987526c99f4a98a2775830c110506460a6027eafcf9d6cf7a07a01eb74cef9aa	1e5a5ea4d22fa3c2a242c7e01263c970a95f3f15	条件性去重候选；本轮保留
药衡智析_增量源码交接/public_source_candidate/01_数据/00_原始/01_成本明细数据/中药二厂_成本汇总_2025年1-6月.csv	1779	37dfacdddb93cda4d1d0df4f42043b48bc27429121d58384dfec51d7bb42eb09	3dc5b7d5bc602616279ebafe65964fe0e65726a9	条件性去重候选；本轮保留
药衡智析_增量源码交接/public_source_candidate/01_数据/00_原始/01_成本明细数据/中药二厂_成本汇总_2026年1-6月.csv	1781	8cb6f41faaa944f98060b0ae2e3fc989420cad0d0b03227dd160127567f3b240	88a29462d2a7ecdd723657412cd4e2ed55cc9549	条件性去重候选；本轮保留
药衡智析_增量源码交接/public_source_candidate/01_数据/00_原始/02_行业参考数据/药材市场价格行情_2026年上半年.csv	1583	44210be6e6fdb89e0212e544f63cd5f8cfe72389716019c1ddffcc5032cdf94c	5aef6a26b7fd6a27abce78f8639b08745288f089	条件性去重候选；本轮保留
药衡智析_增量源码交接/public_source_candidate/01_数据/00_原始/02_行业参考数据/行业成本基准数据_2026.csv	1378	31fa1383e2cf2c9d38da3eee3d5398b207c1806a6b67bb18e222f6eddf4154ed	411cc1a7fc03b926f54facf91cbedf1a4b78087a	条件性去重候选；本轮保留
药衡智析_增量源码交接/public_source_candidate/01_数据/01_清洗/01_成本明细数据/中药一厂_人工工时明细_2026年1-6月.csv	1546	a1f2f1b0812a3a199c9362b73be9186e38ce1a7fbdf8ea41f13d539f71d15402	cbee60b8cea4c938fad7a06666411f2b02f8907f	只建议归档标注；不建议直接删除
药衡智析_增量源码交接/public_source_candidate/01_数据/01_清洗/01_成本明细数据/中药一厂_制造费用明细_2026年1-6月.csv	7995	9fd9ccf6b8c6114d53675fca4933bef265872e2b1ccaa361904977bba4a3ff2c	7433677f9dbbaa2f7d73bd0f6f189dc054b86994	只建议归档标注；不建议直接删除
药衡智析_增量源码交接/public_source_candidate/01_数据/01_清洗/01_成本明细数据/中药一厂_原材料消耗明细_2026年1-6月.csv	10066	4728d32d66ca1bbdf63341e65cd44daed68d04a3f0b7e4a01e9757f8adfa83f8	6d2d45f8fec9f6c83c7dde54c87c987d14c137a3	只建议归档标注；不建议直接删除
药衡智析_增量源码交接/public_source_candidate/01_数据/01_清洗/01_成本明细数据/中药一厂_成本汇总_2025年1-6月.csv	1761	9fb6ecda35d15b734aabb9fa8948bfdb4c47d4f9009c892431d9e3858e6da9c9	ea1670da261f4a1db9c0ac089cc8dc0e4ecaac54	只建议归档标注；不建议直接删除
药衡智析_增量源码交接/public_source_candidate/01_数据/01_清洗/01_成本明细数据/中药一厂_成本汇总_2026年1-6月.csv	1760	11b01bb840c6ee2eb49f498e826b83be7771d89694b210eb9e34960bc245ace3	646bdd5169363548441356097d6dc7baf72d90f2	只建议归档标注；不建议直接删除
药衡智析_增量源码交接/public_source_candidate/01_数据/01_清洗/01_成本明细数据/中药一厂_预算数据_2026年.csv	1760	8432a52ef196df1d29b77542a472a9ebc81fa84291aeda69bb2bef0f177bc798	e0305fdb41a9ef3a4430375ce14f424027fd795c	只建议归档标注；不建议直接删除
药衡智析_增量源码交接/public_source_candidate/01_数据/01_清洗/01_成本明细数据/中药二厂_成本汇总_2025年1-6月.csv	1760	9fd05d6759ffa2616e1df1d77126a5bc4f41a0bbacbf6a8fd20fcdd5835b17ae	c0a0d39a5f72b4f6a987a2c9e9ff111069fbb379	只建议归档标注；不建议直接删除
药衡智析_增量源码交接/public_source_candidate/01_数据/01_清洗/01_成本明细数据/中药二厂_成本汇总_2026年1-6月.csv	1762	d28f09dbe1c7bc18aa38c884e0d3eed22fe42b0363c3962345e08bc7c52f3589	f118eb5f2bec1e485a6d31d70622f0cc25e10579	只建议归档标注；不建议直接删除
药衡智析_增量源码交接/public_source_candidate/01_数据/01_清洗/02_行业参考数据/药材市场价格行情_2026年上半年.csv	1583	609367ba6847556f048b31ddf98e529e622cca26a452adb7faba6e9472f9b00f	25f6b37406e4314cb7018d56e8ae228363bcfee6	只建议归档标注；不建议直接删除
药衡智析_增量源码交接/public_source_candidate/01_数据/01_清洗/02_行业参考数据/行业成本基准数据_2026.csv	1360	007ca9f4340bf904570ce0db1355206fd2a9af8d244823205e96db2892beecaf	ef350beeb64d880f85eb0f0cb826354fa4cf898a	只建议归档标注；不建议直接删除
药衡智析_增量源码交接/public_source_candidate/01_数据/02_分析输出/产品月度成本指标.csv	8180	97a4fe94065d650a2f682fa35620509635bea04fb93bedf106ace3dfbfd6a6ca	815637125b1cf699c37bf09dc3a3c68060635874	只建议归档标注；不建议直接删除
药衡智析_增量源码交接/public_source_candidate/01_数据/02_分析输出/成本波动阈值告警.csv	5	f01a374e9c81e3db89b3a42940c4d6a5447684986a1296e42bf13f196eed6295	af0744ae0a655a95ccd696cb1dc27e7f120434b2	只建议归档标注；不建议直接删除
药衡智析_增量源码交接/public_source_candidate/01_数据/02_分析输出/推荐三场景指标.csv	2123	d9781f3d5b0f82615e904b4822c269e494d2b3dcff4d2beda5f2eeeac189995a	72f0f7423b31f7b9d423a4ed1026e49a74ffd565	只建议归档标注；不建议直接删除
药衡智析_增量源码交接/public_source_candidate/02_知识库/00_原始/GMP法规核心摘要_2010修订版.pdf	815792	2e599f526df282da063695de31a7007b97c7ff1ad16d7a97c91747f32534a048	8784417862f86a3747aada417cbf7151abf15b4d	先归档后条件性去重候选；本轮保留
药衡智析_增量源码交接/public_source_candidate/02_知识库/00_原始/产品配方文档_六味地黄胶囊.pdf	436675	281a6829ed15ce1df55d9c13f16fd5052e26276a6d30020520967657431eb4e7	c3dbee4183d86e30ebf81a664374cd21f7d1dda2	先归档后条件性去重候选；本轮保留
药衡智析_增量源码交接/public_source_candidate/02_知识库/00_原始/产品配方文档_板蓝根颗粒.pdf	386196	5f1dd55e4a388b190fc74c601f0589574bccbfa716a2025ea3e79857dd2eec47	6cb881331b2946475b242f2a87c8af50c5f3c10b	先归档后条件性去重候选；本轮保留
药衡智析_增量源码交接/public_source_candidate/02_知识库/00_原始/产品配方文档_银黄口服液.pdf	345398	834aa8a81c2938dfb9e6ec28b8743ea0e667c237e06a6609415d97fe3b85b5ad	c492385c261994693223e2dc0f6345824e0db52e	先归档后条件性去重候选；本轮保留
药衡智析_增量源码交接/public_source_candidate/02_知识库/00_原始/生产工艺文档_中药一厂.pdf	542078	aa7d48f697f2caa2bedf5b16e84a4d4765d3c92a52a619a7a93360764d7d8e00	61bf72f8fe08ed4da40f7a507310f075d6cde3f1	先归档后条件性去重候选；本轮保留
药衡智析_增量源码交接/public_source_candidate/02_知识库/00_原始/药品生产质量管理规范GMP.pdf	483607	871f86bfaa610bb0db8b84b0f45606019fe889ec437695baf150cbe696cfa102	285e64d709dcf5ee3b8b5c8e50bdf5e969a8cfc4	先归档后条件性去重候选；本轮保留
药衡智析_增量源码交接/public_source_candidate/02_知识库/00_原始/车间设备清单_中药一厂.pdf	375424	1e3808fc86fece94d3736690f087c218b8e082e6defe869e68bbdfdcdce7e503	c0b768942b42f5abe5ddf7af76776b0effd04580	先归档后条件性去重候选；本轮保留
药衡智析_增量源码交接/public_source_candidate/02_知识库/01_解析/GMP法规核心摘要_2010修订版.md	8717	ad1d200f6e14433ae7cfe290ce81689f32148e968a89480b262160409ec6eb34	d61b654dc4077cf59e02c299a16766daeab4f589	只建议归档标注；不建议直接删除
药衡智析_增量源码交接/public_source_candidate/02_知识库/01_解析/产品配方文档_六味地黄胶囊.md	2830	f55293ee4a361d1dec21fc52adc9c3c55d76310a35c5d6b42d1b06a5a9f5807a	694f7d27a2c5b5bbb6cef8c5bfdbbf449b0b35e5	只建议归档标注；不建议直接删除
药衡智析_增量源码交接/public_source_candidate/02_知识库/01_解析/产品配方文档_板蓝根颗粒.md	1863	e673b6974f469161be90cef07815eac99b946dbcb2e392c6ae3987bc3382c105	6c6a019b7ff3790a2274c0966acbc7064b5eeaaf	只建议归档标注；不建议直接删除
药衡智析_增量源码交接/public_source_candidate/02_知识库/01_解析/产品配方文档_银黄口服液.md	1876	3b7c29199f8389362f1b0ace79b3ea90b5377b662ee1859bbc83ce1767e8f9d5	5d84a26fceda56ac611447c8c6355634345e955f	只建议归档标注；不建议直接删除
药衡智析_增量源码交接/public_source_candidate/02_知识库/01_解析/生产工艺文档_中药一厂.md	5711	4e4a6f9c6beca89dbe43be73b4231d763d4a0fa97cd5d1c6e535f6b19c6b9884	3edf65b0ff42dba175a6a45c0f061c57d7efe12f	只建议归档标注；不建议直接删除
药衡智析_增量源码交接/public_source_candidate/02_知识库/01_解析/药品生产质量管理规范GMP.md	103512	654c7c464286bdeb7c45ce9a8567f505351a99a6b6e7c17157bf13cf08b3acb5	e45ec0a9b8fb328ad05f63929d3509e90cc6cf61	只建议归档标注；不建议直接删除
药衡智析_增量源码交接/public_source_candidate/02_知识库/01_解析/车间设备清单_中药一厂.md	4320	453c18791161a85eb0243c1cff880bf21236302ed7e8aedc41b961603922e8de	bff3fd29d2a045e937b0065a6813d85b25608e69	只建议归档标注；不建议直接删除
药衡智析_增量源码交接/public_source_candidate/02_知识库/02_清洗/GMP法规核心摘要_2010修订版.md	8717	ad1d200f6e14433ae7cfe290ce81689f32148e968a89480b262160409ec6eb34	d61b654dc4077cf59e02c299a16766daeab4f589	只建议归档标注；不建议直接删除
药衡智析_增量源码交接/public_source_candidate/02_知识库/02_清洗/产品配方文档_六味地黄胶囊.md	2706	90f130bdf556a29fc396ff46a9e03e1787ad420be7900a7ef416f3d36d177ba1	1a960bf870d8c3fc6020f439b6e2b0a294d1e2b5	只建议归档标注；不建议直接删除
药衡智析_增量源码交接/public_source_candidate/02_知识库/02_清洗/产品配方文档_板蓝根颗粒.md	1785	dd61f58b2bff64b6fd7de32f8968944e07ae48228742a70a0c579d2ba269880b	9f9dbf95794b677ba11170392ffb1d066d3b0f7a	只建议归档标注；不建议直接删除
药衡智析_增量源码交接/public_source_candidate/02_知识库/02_清洗/产品配方文档_银黄口服液.md	1868	9281fef3b2ffb8534314af230fc01141ff625ff5608fe5b9da9aaf51361aa9bd	c5ba617ba8850f9d7a2a6672845c2d68fa2d797f	只建议归档标注；不建议直接删除
药衡智析_增量源码交接/public_source_candidate/02_知识库/02_清洗/生产工艺文档_中药一厂.md	5227	14ccb01000a03a811bf79d1ae48fd95667bf44eacd67464d1158cd4fe0f77b52	96ddae20dd347e89dbfcf1300f53414c6ffc2f49	只建议归档标注；不建议直接删除
药衡智析_增量源码交接/public_source_candidate/02_知识库/02_清洗/药品生产质量管理规范GMP.md	97662	1aa4d8dbdb3f7a5169e4ec6df6687b70569b8f48b7711bb5915488d5f1ea72c6	027dc42fbba5022efa12f9ede8d9d2136f1db081	只建议归档标注；不建议直接删除
药衡智析_增量源码交接/public_source_candidate/02_知识库/02_清洗/车间设备清单_中药一厂.md	3871	509d0a3d821449c0e20ea9d36b5666210d4b82fced400840b1cfde7e3d7565b6	8ef2284b19bde7ef798c84af149fdfffb470b3e5	只建议归档标注；不建议直接删除
药衡智析_增量源码交接/public_source_candidate/02_知识库/03_索引/chunks.jsonl	177561	3dd6f4e4db56e368e9cf5cd641bbe27a1519e007544b1cdda7bd2a0c13c8d124	2d6b3f2ab14bad3f25c3b9661bad84547529989b	只建议归档标注；不建议直接删除
药衡智析_增量源码交接/public_source_candidate/02_知识库/03_索引/corpus_build_summary.json	199	7431c462d31a97d6a63c9e12d993dcc4c454e94759d7070139a1954dc345b5eb	fcda005e43b67b005573057105b02062c577c3bb	只建议归档标注；不建议直接删除
药衡智析_增量源码交接/public_source_candidate/02_知识库/03_索引/document_manifest.csv	2109	244fd00215fff0b05078293deae0f5d6ccbfdaa088010c23a59cb473be24e76f	acde6959a0b7e19078f2b4ee34e6cf1f0379cbe2	只建议归档标注；不建议直接删除
药衡智析_增量源码交接/public_source_candidate/05_原型/.env.example	1773	289a27231f6dd395063f28befd134699edc22e90d146d0b661999b58425e1b34	b5f97f0d04d02b537f75bfd587920be2ebe599f4	保留当前源码/文档/合同/测试/凭据；补导航即可
药衡智析_增量源码交接/public_source_candidate/05_原型/assets/fonts/NotoSansSC-Bold.ttf	10585792	b18fde7357824cd519a3e23867b8589570b8c5e7e390fb69054d593378bd88c1	1df0eb53e83c5d242eeee2465b822e3e223f9307	保留；不因体积大删除
药衡智析_增量源码交接/public_source_candidate/05_原型/assets/fonts/NotoSansSC-Regular.ttf	10596272	a65cec69005de5be50d37dec94c16e698e88666b5fd195dc8e12eb030caaedfc	2448791c35eb6e9e51a02961528d3a5a54b58065	保留；不因体积大删除
药衡智析_增量源码交接/public_source_candidate/05_原型/assets/fonts/OFL.txt	4301	6a73f9541c2de74158c0e7cf6b0a58ef774f5a780bf191f2d7ec9cc53efe2bf2	d952d62c065f3f35fb83a173496e90b21525aef3	保留；不因体积大删除
药衡智析_增量源码交接/public_source_candidate/05_原型/assets/fonts/manifest.json	546	1a69b57cecc757e1612d794616029c075ea14dd9be4262e00ce1da106e5c5ab6	bec5c1d760835d3fa2280963caca53a41e0ea20a	保留；不因体积大删除
药衡智析_增量源码交接/public_source_candidate/05_原型/backend/pharma/__init__.py	58	9447b26e6e20c21b3b8ee027c229d69ba89584ecc6c4a2afcacf875a1fd56e41	899951da4eed96034dac0cf51e5a558e4a9c582c	保留当前源码/文档/合同/测试/凭据；补导航即可
药衡智析_增量源码交接/public_source_candidate/05_原型/backend/pharma/actions.py	17483	aadde5108376cd1553ac7b61f7030fb761f0e93f3d34e02b6644a82792aa084b	f809a92d92fb3d21a30eb22e80c1d78e40ccb7ca	保留当前源码/文档/合同/测试/凭据；补导航即可
药衡智析_增量源码交接/public_source_candidate/05_原型/backend/pharma/api.py	19292	839537c90ceb9a3ade19e5eb89adfb5c61af67e8aa89e4386cc3b69e81b164ff	cd91f8bc0550dea5ff240ed7760a82f2d616fafe	保留当前源码/文档/合同/测试/凭据；补导航即可
药衡智析_增量源码交接/public_source_candidate/05_原型/backend/pharma/config.py	1119	eb894fb0816348aef081ab404ef5295fb06dd87b329f88a529a86184f80c7133	05b715a2245b68e2f2ae610f438e74fd4ae0a7e3	保留当前源码/文档/合同/测试/凭据；补导航即可
药衡智析_增量源码交接/public_source_candidate/05_原型/backend/pharma/context_services.py	6464	c5da5eeb2735fa729fefe746ac18e528ef94dbe8746053717349250f79b668c0	1c1d70cc2c68c3ca20a40cde01d8c1486cf886fd	保留当前源码/文档/合同/测试/凭据；补导航即可
药衡智析_增量源码交接/public_source_candidate/05_原型/backend/pharma/decision.py	9500	cbaa32f8383422d0ad9d080ea44b76d43bd2f30b073676e966d7bdf9fd9df5d0	80160bcc00a4628f0ec904029305ffa115477e8b	保留当前源码/文档/合同/测试/凭据；补导航即可
药衡智析_增量源码交接/public_source_candidate/05_原型/backend/pharma/forecasting.py	6378	40f8fd9b6ef26eb09faca6be270a0b5b39fbcb8ac53d8fc2e455446beb64118c	0b9f01cfb739f12567ec382e5b9e3439c016dd9f	保留当前源码/文档/合同/测试/凭据；补导航即可
药衡智析_增量源码交接/public_source_candidate/05_原型/backend/pharma/graph.py	11316	c5df2a343482fe9835d70957fddb2489b38ffb02bd2f0a3851c3a92c3f5e8c51	a88982f50de0239888b3b7c13c71764ff9bd1649	保留当前源码/文档/合同/测试/凭据；补导航即可
药衡智析_增量源码交接/public_source_candidate/05_原型/backend/pharma/industry.py	45459	4b2c2c80a18ce81f65e514a238cc8ccafb238548d88eef9711feda02522db4a9	6702628f3e89d3f74832b6c89cd24d7cfbeb7bea	保留当前源码/文档/合同/测试/凭据；补导航即可
药衡智析_增量源码交接/public_source_candidate/05_原型/backend/pharma/industry_rules.py	677	b6d4a1fd3e2dd1dce163f49bc27a547c7cccad35237e93a33fc6f49365224031	c3881b96bbc344eabf2d31e62c2d09fa39a612cd	保留当前源码/文档/合同/测试/凭据；补导航即可
药衡智析_增量源码交接/public_source_candidate/05_原型/backend/pharma/ingestion.py	16265	5472fab59878a0f1ab4b2d3bd07373105a23a4c48216649f1d29dee8598c1f9c	68c7e9970511461025904e12e67da1ecefa29aad	保留当前源码/文档/合同/测试/凭据；补导航即可
药衡智析_增量源码交接/public_source_candidate/05_原型/backend/pharma/jobs.py	5403	e513f4fe945df3781a40b1d9e2bb4d4335c7aa4a39da89eeb8115764eaa40c69	929364a1ccfc768e0e60277ea3e768ec96d7f0e7	保留当前源码/文档/合同/测试/凭据；补导航即可
药衡智析_增量源码交接/public_source_candidate/05_原型/backend/pharma/knowledge.py	26937	3b2a3c2fd41deff05077a800754cc720ae75497c2a576a0c93f78a06ac760101	733f1ebd814079d39e3416a959a09506525810ac	保留当前源码/文档/合同/测试/凭据；补导航即可
药衡智析_增量源码交接/public_source_candidate/05_原型/backend/pharma/locks.py	1362	e0399d1d737a06ced9bcb7e42b5db944099a70caefa4c801c26fa93d364051c0	6bf60223956d9b82fe9ce8459e9a66ffbc914e9d	保留当前源码/文档/合同/测试/凭据；补导航即可
药衡智析_增量源码交接/public_source_candidate/05_原型/backend/pharma/metrics.py	27009	c749c2aaf3c5f48a9eaabc7c6b28601a42cc69db6f7ce434f2dfcc29e86776c0	96ee371b6da06ac6752e9273217c3eb4a016d3fd	保留当前源码/文档/合同/测试/凭据；补导航即可
药衡智析_增量源码交接/public_source_candidate/05_原型/backend/pharma/narrative.py	68558	ea883c1f043ee30fda9500a6487ebfa340d4845452e0f4369f9b5bdcac2be670	c8c23fc6050136af61ba13ee7620a9d38bf7f860	保留当前源码/文档/合同/测试/凭据；补导航即可
药衡智析_增量源码交接/public_source_candidate/05_原型/backend/pharma/reference_report.py	12122	58bffedc3cd399dd4d120229c3804938faa5b7eafc6b48e523472dccaa19b0d8	c1bbbbf1a245e17809851cf5839491fd31908a3c	保留当前源码/文档/合同/测试/凭据；补导航即可
药衡智析_增量源码交接/public_source_candidate/05_原型/backend/pharma/reports.py	61431	cc279cef5f278f1c7db1095e2147559d096d7702455a435ba53013fa4995815a	6d5956ab9991bf73bdd774549e569814d4b393db	保留当前源码/文档/合同/测试/凭据；补导航即可
药衡智析_增量源码交接/public_source_candidate/05_原型/backend/pharma/reviews.py	3593	530899c86f1bf6c98b42dc521988134452bc63d7fe7b2bdf2724e4a035e05636	e834785138007f0f93dc0e390dad6aa6ebcaeb78	保留当前源码/文档/合同/测试/凭据；补导航即可
药衡智析_增量源码交接/public_source_candidate/05_原型/backend/pharma/revision.py	2798	aeca6b72be4548bd9be77eff004e678083058e6bdd7360c049112e1ed688b86e	af1af9218ea9ab41bae678759aeabb7edf953d2f	保留当前源码/文档/合同/测试/凭据；补导航即可
药衡智析_增量源码交接/public_source_candidate/05_原型/backend/pharma/synthetic_rpa.py	1530	f77e10668ea9c49c9a01ba4fd9faad94fdd3f37e99a0f155128118758bc4fe4e	3ad55f8288e5b6b70cb826f762f10a0dd6ae2e6d	保留当前源码/文档/合同/测试/凭据；补导航即可
药衡智析_增量源码交接/public_source_candidate/05_原型/backend/pharma/worker.py	8481	bdd18327a7d53ad66dace6fdbaca0eb464b9668909248054fed070223f6e01ff	7a4c62a0da2d261d3385e6ca7fa46cff9dead074	保留当前源码/文档/合同/测试/凭据；补导航即可
药衡智析_增量源码交接/public_source_candidate/05_原型/frontend/e2e-context.mjs	9924	54ceeeb51e510b8884a2a32d3f8da54622e1b27c6476e0fddae0a863159e30bd	36816dab0cead34a16e8636038d68b8538a40e16	保留当前源码/文档/合同/测试/凭据；补导航即可
药衡智析_增量源码交接/public_source_candidate/05_原型/frontend/e2e-live.mjs	5481	fa699306401f26bf57e9f75bab62601d0356ba0282c3dd50511bbaff9c58614e	c241bb62cd9e964c4f786a7d1f02548e2cbcef6c	保留当前源码/文档/合同/测试/凭据；补导航即可
药衡智析_增量源码交接/public_source_candidate/05_原型/frontend/index.html	385	949c218a614afd0bd11ebbc4f4d62990351c1f3cc834fdc3a46c65a09877b9c7	3afe20d6ffb639802d07c15cec19cb9ce274240f	保留当前源码/文档/合同/测试/凭据；补导航即可
药衡智析_增量源码交接/public_source_candidate/05_原型/frontend/package-lock.json	64404	438aa09abbf90e074a0fefffce05e4cc6e698e8fe06c500706ccc3701ba7d7ac	9f73b9f9c6384c635623454ea879e6e7ddccfc14	保留当前源码/文档/合同/测试/凭据；补导航即可
药衡智析_增量源码交接/public_source_candidate/05_原型/frontend/package.json	563	53b82f42e894db99fe8b0abe47b6cb93845bbdd50d7a12418d00ad479183d205	6b2c325bde25a6d14c00f6c12cb1f82f6058f652	保留当前源码/文档/合同/测试/凭据；补导航即可
药衡智析_增量源码交接/public_source_candidate/05_原型/frontend/public/favicon.svg	247	6fe7f2a6f932c5268a1fdef50a8ab7351172520f90bcc952e83430de4fd40540	e816df0d9cf0f2187de6f7030825228017ad1bb0	保留当前源码/文档/合同/测试/凭据；补导航即可
药衡智析_增量源码交接/public_source_candidate/05_原型/frontend/record-demo.mjs	5111	58859e6805a330c43ba1266666a3235b909530b5eeb7427d08af2b52577cfa05	b1eebb067c8e2136666ef054f2a11e17a4544a3d	保留并补工具入口；没有已证实可删的孤立脚本
药衡智析_增量源码交接/public_source_candidate/05_原型/frontend/record_demo_20260918.mjs	5788	7820b53d45c482cd7ebed80af5f23306e77f6e98ef99e76790ca92fc2292ef4c	b1ddadf8cbb0594241534669fe950ab46083b3db	保留并补工具入口；没有已证实可删的孤立脚本
药衡智析_增量源码交接/public_source_candidate/05_原型/frontend/src/Analysis.tsx	14382	5c6b9eb029f03818ee55391d6cf3d3a8b56e74bf321691f2a8f78d0dee650689	9296972b82f8b1d5c56ca6f580f71a11b5046df2	保留当前源码/文档/合同/测试/凭据；补导航即可
药衡智析_增量源码交接/public_source_candidate/05_原型/frontend/src/App.tsx	11506	d03c65d30206af6031b61a52d32ccff70dbae2d50f5b11bac2cf88df3a10616b	3495ef70d13ebda0f2ae17e39fc6eb402d0fd139	保留当前源码/文档/合同/测试/凭据；补导航即可
药衡智析_增量源码交接/public_source_candidate/05_原型/frontend/src/Benchmark.tsx	4141	4fa597ea5494ebbd2cdd916e1fa952b16665305e3ea62f24f8c9b71cf48867b2	ba70844b98d998265aff85db613d95f04edb7ef1	保留当前源码/文档/合同/测试/凭据；补导航即可
药衡智析_增量源码交接/public_source_candidate/05_原型/frontend/src/Chart.tsx	1276	e32ce92a81a6c694cd77de6e48bc212191f10b98dbb6705f67124413d8299d1e	cafa67b2a18b3ce1977d63f48f0989321b485d48	保留当前源码/文档/合同/测试/凭据；补导航即可
药衡智析_增量源码交接/public_source_candidate/05_原型/frontend/src/DecisionCard.tsx	2775	d0a5bfca7849e3d29cf2cc4399e67cab9b0aabbdbac8cfd54a9e765c9429dec8	3d09548a5490e499a8e3fd5988748f7a6bb5d9c1	保留当前源码/文档/合同/测试/凭据；补导航即可
药衡智析_增量源码交接/public_source_candidate/05_原型/frontend/src/Evidence.tsx	6994	8ce8a0784b605bd045ee0f4d67cb0e5fdf5df69cef8aa2b198faecb4318ed2f7	b985a2ca3eb6853bf07aa0c179d79e6a4215827e	保留当前源码/文档/合同/测试/凭据；补导航即可
药衡智析_增量源码交接/public_source_candidate/05_原型/frontend/src/NarrativePanel.tsx	3953	5b9822977264bd873cffbcc8f96abe7627d8bed73916b15dd9d655b339a82e1c	f69cf7136d6013d153eeea506a0235705a7a10ae	保留当前源码/文档/合同/测试/凭据；补导航即可
药衡智析_增量源码交接/public_source_candidate/05_原型/frontend/src/Tasks.tsx	14724	05b34528e209dfdc8f1f95f50fa97fcea35722484caf0bdb67ad4b518bb4640e	64d8dad58106e37ffec9ec12529c568eecfc8db6	保留当前源码/文档/合同/测试/凭据；补导航即可
药衡智析_增量源码交接/public_source_candidate/05_原型/frontend/src/api.ts	1748	2b175b3f53838f032fd7c22c4ddbd3fcb6edf3f70b2b54a02b098bfbc4449982	9192c74734eac1d6f499bdf4e87c9315af2ebc4f	保留当前源码/文档/合同/测试/凭据；补导航即可
药衡智析_增量源码交接/public_source_candidate/05_原型/frontend/src/main.tsx	156	7254a29d506487188f48b2a7f33912401fe8510fcdc3306f0efad67ff25df159	61443474e38ff70e5154f504082d25380d5af7ad	保留当前源码/文档/合同/测试/凭据；补导航即可
药衡智析_增量源码交接/public_source_candidate/05_原型/frontend/src/presentation.tsx	4165	3741ed35e68f4ac2670d4342dc9d03e10d1e0f90fd3a9e2bf1f4d0193f661be3	5943dea2f829018eb0a8bc203a78ec77ead809e0	保留当前源码/文档/合同/测试/凭据；补导航即可
药衡智析_增量源码交接/public_source_candidate/05_原型/frontend/src/style.css	12610	6a6bd41165da770d3596b17026165e54a26f3725a901eee50edbee844189e8ce	f495db50ce822d56f4464f984cb7666b46a8acab	保留当前源码/文档/合同/测试/凭据；补导航即可
药衡智析_增量源码交接/public_source_candidate/05_原型/frontend/tsconfig.json	322	d0022073fcbf8664e50976b0082ef6936830ea7bb9e50ffa50241b5561c9123c	4b0ca7793c8bcc478ff6e855c06f052d78823ec4	保留当前源码/文档/合同/测试/凭据；补导航即可
药衡智析_增量源码交接/public_source_candidate/05_原型/frontend/vite.config.ts	238	603f8b09814845293c40955b0d04884745d63da0eb3902dee3a5ba90432c0fa8	70e1c7c2a143f30ad78669d90b7570590f8d4817	保留当前源码/文档/合同/测试/凭据；补导航即可
药衡智析_增量源码交接/public_source_candidate/05_原型/industry_packs/chemical_demo/enterprise.json	498	7248f1c6d693800837a9ae5d149ccee1851a9ba3af6ac6498e09f1623cb684fb	c4f8d2e0047bac37378782dc6371f9ae474406d4	保留当前源码/文档/合同/测试/凭据；补导航即可
药衡智析_增量源码交接/public_source_candidate/05_原型/industry_packs/chemical_demo/evaluation.json	344	407ac345b65f4e0730bd0260e88e1869e4d509715e03f4b8512223797ce7916a	1bca5783fb1f9dd6bb1d26b0eae01f17e1dab854	保留当前源码/文档/合同/测试/凭据；补导航即可
药衡智析_增量源码交接/public_source_candidate/05_原型/industry_packs/chemical_demo/facts.json	88679	8967240c857c8f296e26f3b9350ba272d88a8441fcdb09938bf189d1a0959fc2	5c38f3aef30d86613d9c6ed3219141a1784bf1d5	保留当前源码/文档/合同/测试/凭据；补导航即可
药衡智析_增量源码交接/public_source_candidate/05_原型/industry_packs/chemical_demo/knowledge.json	1172	3a148f40afcb2a7b3bece9355f66323545d866e70f3a6f24d6f95dca58226afd	87ad57e2ea8d6cbb2d8a983b7bf0294c7ddcb39f	保留当前源码/文档/合同/测试/凭据；补导航即可
药衡智析_增量源码交接/public_source_candidate/05_原型/industry_packs/chemical_demo/manifest.json	834	466af14df991ae98abebfa253651f1ee812dd480e2bfe9c0cc34be49002cd75b	1faca88fd377bf56884bdf53a790bc2185e6fb0f	保留当前源码/文档/合同/测试/凭据；补导航即可
药衡智析_增量源码交接/public_source_candidate/05_原型/industry_packs/chemical_demo/mapping.json	410	c5c33ba9a4f76881dd48d4c44b90412db2a331cf991e3cc95102cf9083393b46	c4d0483d1d8416a8aa4f780fb1f2c76e5d222a17	保留当前源码/文档/合同/测试/凭据；补导航即可
药衡智析_增量源码交接/public_source_candidate/05_原型/industry_packs/chemical_demo/template.json	617	c29cff276b322b65e0d8131010158856bf72fe2c1a0cbae9380b4cee124b3e20	b5f7a9f0ad2a2ce5774c6d73092f44d23a6f3f39	保留当前源码/文档/合同/测试/凭据；补导航即可
药衡智析_增量源码交接/public_source_candidate/05_原型/industry_packs/mechanical_demo/enterprise.json	497	046e25c8600f81a500f262957037f9b53f6110e786b0e7d1f428c8f07508d1ab	9e96a501a22cbb22c61b81c5424d4257746db36f	保留当前源码/文档/合同/测试/凭据；补导航即可
药衡智析_增量源码交接/public_source_candidate/05_原型/industry_packs/mechanical_demo/evaluation.json	461	137c3c2b9e90a7b632e27f54decf17ee21108a2469989d485eaf7ca1f28fef29	19f6a7cd8923aa9dc11ef5c696f4381e75638bfc	保留当前源码/文档/合同/测试/凭据；补导航即可
药衡智析_增量源码交接/public_source_candidate/05_原型/industry_packs/mechanical_demo/facts.json	74670	99d6a0ca58e5877fdcaf524bf6b0e31812bcb32a907a02e516041712acc089f6	fd8c3c0ea2cae7537fa9f92a87c6f529d3761ace	保留当前源码/文档/合同/测试/凭据；补导航即可
药衡智析_增量源码交接/public_source_candidate/05_原型/industry_packs/mechanical_demo/knowledge.json	1234	ab2965fcf461d80dd93991026bbf8b801461e003c21f8c2f07cb4a369e0c6f0b	325035f2fcda8ac724c6a17a99a6e63c3d7a9985	保留当前源码/文档/合同/测试/凭据；补导航即可
药衡智析_增量源码交接/public_source_candidate/05_原型/industry_packs/mechanical_demo/manifest.json	827	64db0814a73d3b9eafb707cc6af5edadf6eb579ceec44f0272d69976840c0c03	79a9d1400425554a0e8089ec3201009fb082ff35	保留当前源码/文档/合同/测试/凭据；补导航即可
药衡智析_增量源码交接/public_source_candidate/05_原型/industry_packs/mechanical_demo/mapping.json	392	18dae912621c5fb116902df16a1fc4b9f3f4e5849534113620b32007598d3d3e	aa11a46d283ac406dd309be04bda5f820a357cc1	保留当前源码/文档/合同/测试/凭据；补导航即可
药衡智析_增量源码交接/public_source_candidate/05_原型/industry_packs/mechanical_demo/template.json	617	74126424ac33b62b181e970bce6d2f92fb6fad7b7775df92913a03e5287323a8	be140ead7aca036835a73123fde6110a46477b71	保留当前源码/文档/合同/测试/凭据；补导航即可
药衡智析_增量源码交接/public_source_candidate/05_原型/industry_packs/pharmaceutical/enterprise.json	478	2ec73c117b283831bf092f7a26467be2b99c5c1e66c6a638944851d82bf23903	06bda6d061abda0a3d8c3202b6bb66be1250b096	保留当前源码/文档/合同/测试/凭据；补导航即可
药衡智析_增量源码交接/public_source_candidate/05_原型/industry_packs/pharmaceutical/evaluation.json	315	8b93792e1b4943eb5574f76d34351147b3b2933dab314fcd585bfc13a26d819c	42d0a88c0f3442a605bd4263ae3df1678b08f8df	保留当前源码/文档/合同/测试/凭据；补导航即可
药衡智析_增量源码交接/public_source_candidate/05_原型/industry_packs/pharmaceutical/facts.json	58625	8763eedeb1cbd4466e4a97351211ae309becad9cc8ff45044d0c8bcbbd728a6f	75395bf34fec7d3ed93224ace8a258cb0b616e86	保留当前源码/文档/合同/测试/凭据；补导航即可
药衡智析_增量源码交接/public_source_candidate/05_原型/industry_packs/pharmaceutical/knowledge.json	1162	f4445d4444e7ad3f05d5425e1da5784544c3d2bd0e2d0f1a2d62475a244a19ca	a358cb711311d0f6d282499ef51f81f174c76c24	保留当前源码/文档/合同/测试/凭据；补导航即可
药衡智析_增量源码交接/public_source_candidate/05_原型/industry_packs/pharmaceutical/manifest.json	700	c27ddf1b6b5f8e7d5e8adde893ce65701c618892cc77b35e023b04923ca16589	9ffb27d02f7d43f5af04c80663335ab25c8366b9	保留当前源码/文档/合同/测试/凭据；补导航即可
药衡智析_增量源码交接/public_source_candidate/05_原型/industry_packs/pharmaceutical/mapping.json	387	843c753ae83c25313e32c86981f7a34e655d4f55c805a22ef06c380a78c47aec	84c06dc6973144a4a0da430616460706cce277d4	保留当前源码/文档/合同/测试/凭据；补导航即可
药衡智析_增量源码交接/public_source_candidate/05_原型/industry_packs/pharmaceutical/narrative_rules.py	7522	969ba8e059d3919e688ef975213dde8c09e231999151a66bad0ae92fb3491ca1	dc904c8bd5091b75eaad7c566068b130128e278a	保留当前源码/文档/合同/测试/凭据；补导航即可
药衡智析_增量源码交接/public_source_candidate/05_原型/industry_packs/pharmaceutical/retrieval.json	330	0d31aecd80be84871568f5090aaf0ec827a9745cdbd75ef179b4d19323330fe9	647a06bedb2f46d18fba1aa684dcf860bafadb23	保留当前源码/文档/合同/测试/凭据；补导航即可
药衡智析_增量源码交接/public_source_candidate/05_原型/industry_packs/pharmaceutical/source_contract.json	2092	4f75b4908ebcaf46f8d455f2ee85a8059569d3a18d33075e15978992c7187b5e	2a7e9cf8a78f49e439503e9550b5617c33045e67	保留当前源码/文档/合同/测试/凭据；补导航即可
药衡智析_增量源码交接/public_source_candidate/05_原型/industry_packs/pharmaceutical/template.json	617	abc49ea6a2e78320354c940cb8515b7bbf2fe9e68acd6489647a502f1e428220	de76d21c8739b3beaffef879feebe53c14aca00d	保留当前源码/文档/合同/测试/凭据；补导航即可
药衡智析_增量源码交接/public_source_candidate/05_原型/industry_packs/pharmaceutical/terminology.json	487	6f53590a11e4a37c987d9f0ab18a9d3ffc0358a05acddd30661e8f56db6a3302	b8988eb6013906cf056c2ebd1d8adf5c50a35f0e	保留当前源码/文档/合同/测试/凭据；补导航即可
药衡智析_增量源码交接/public_source_candidate/05_原型/requirements-docs.lock	119	54748abe6a04e39f849cd07e7ffa76230968f3d0977848e3bb4b03f1891f5eb2	a6835ef5063ec7a19b40c5585819ee79d266ded2	保留当前源码/文档/合同/测试/凭据；补导航即可
药衡智析_增量源码交接/public_source_candidate/05_原型/requirements.lock	2440	726545c14494ebde9d5633622c7aca48a4bfb9a16b031beeadeec084db626160	1147e32790e0db3c484d76131a9a35eaff18e4a8	保留当前源码/文档/合同/测试/凭据；补导航即可
药衡智析_增量源码交接/public_source_candidate/05_原型/requirements.txt	282	025ce7bb015b97ce448da29291f87be5ab1e13ac80b6ec2f4ef29308a7d06e4a	499e83a6d24f7f3958a773c090430b8eb3ff6ba3	保留当前源码/文档/合同/测试/凭据；补导航即可
药衡智析_增量源码交接/public_source_candidate/05_原型/scripts/bootstrap.sh	4181	e6328e845a0231bb523b5c03808c08a004c9b7fc31214d45002f9723a160a617	49c7307ab05fa2f137128d4900c0f8f1d0be97f8	保留当前源码/文档/合同/测试/凭据；补导航即可
药衡智析_增量源码交接/public_source_candidate/05_原型/scripts/build_demo_deck.py	5528	8805766791f178035add196bc68e55045bcf0e1f64fcd69fea92b439b1cadc5d	ad5b41d20dab9e25309ec227c9184c6ddc80789e	保留当前源码/文档/合同/测试/凭据；补导航即可
药衡智析_增量源码交接/public_source_candidate/05_原型/scripts/build_inputs.py	890	6b598d1b0b6107f0d781a1bd78b646e85aa4ab0b93c68c592ad142ca82d14125	eda46756adbd1e163f1c3c14efdd8921c33fc33b	保留当前源码/文档/合同/测试/凭据；补导航即可
药衡智析_增量源码交接/public_source_candidate/05_原型/scripts/check_dependencies.py	3831	d15931c1b66a4b6ebd749e15e990444257f4f5b927c572386c67b6081ad53bd6	2f8eca42200f6f5fac47ffddaa116418f226341e	保留当前源码/文档/合同/测试/凭据；补导航即可
药衡智析_增量源码交接/public_source_candidate/05_原型/scripts/check_environment.py	2932	059eeaa2e6ed464281bf3d473633fdba163851d272ca5bf56de507a6bd50ebbb	2016c0125a416840d54d909019869729ba3601da	保留当前源码/文档/合同/测试/凭据；补导航即可
药衡智析_增量源码交接/public_source_candidate/05_原型/scripts/fetch_embedding.py	1383	9a9e39a491b22f50752c9348ade41c2ec2c66c6d196c0f04813bf948c3dec7ea	8421f5944bad2024f283ff042e43ec8346ef7554	保留当前源码/文档/合同/测试/凭据；补导航即可
药衡智析_增量源码交接/public_source_candidate/05_原型/scripts/generate_scenarios.py	360	a4f32cf32d24c15814042085e6dd96e973a600da95f172503180bbfe0838e877	e9526afe7cfa0ebe4091ab96fd96ec41b88674ee	保留当前源码/文档/合同/测试/凭据；补导航即可
药衡智析_增量源码交接/public_source_candidate/05_原型/scripts/manage.py	4550	da156c70ff13fc6edb4aa193a71899cfdbc599ef5a8497a775f6997897c1751e	7bb90c413b5f9e2b0fb9ea13e3548290d1d6bb2d	保留当前源码/文档/合同/测试/凭据；补导航即可
药衡智析_增量源码交接/public_source_candidate/05_原型/scripts/pharma_python.sh	693	54e80217c49db6a347d32312f7ae691f1ad32702b01a8e38d6221f417bcb717e	7560fffc65dbc9fbf34b0f2ce83f190ecadac425	保留当前源码/文档/合同/测试/凭据；补导航即可
药衡智析_增量源码交接/public_source_candidate/05_原型/scripts/probe_glm.py	4390	996a20b54f94dc1a0c60f035af3b122db9938854a1da36c235044578fe05646c	c314c0d521e07e88405677b104495bd7388b1f5b	保留当前源码/文档/合同/测试/凭据；补导航即可
药衡智析_增量源码交接/public_source_candidate/05_原型/scripts/run_acceptance.py	5009	5091db6204137d57ed20aff4f91490984200a215a858038f7035c0c2b41f14d7	3aa45490ea775f1491781257bbc1c04ef1f99aac	保留当前源码/文档/合同/测试/凭据；补导航即可
药衡智析_增量源码交接/public_source_candidate/05_原型/scripts/start.sh	189	e605a118fa9eee0051db0e8a7776e7a1c9ebdd14a313acd58798c1c8a271da11	76d156dad8d866b989e802243f04cefe69e88abe	保留当前源码/文档/合同/测试/凭据；补导航即可
药衡智析_增量源码交接/public_source_candidate/05_原型/scripts/stop.sh	188	6759a25022eedd333c2398ee481e2d1b3b4925662d152087533988ae3acbaba4	4b33963bb539809d26d7d06410c9b9fda72cbd33	保留当前源码/文档/合同/测试/凭据；补导航即可
药衡智析_增量源码交接/public_source_candidate/05_原型/scripts/verify.py	5838	c2fc3f73b133ecc091ecd802b0d065b641329e7fca020dd74babf2c0fe043384	441be08c63338a4212cc784791b0b3232385e632	保留当前源码/文档/合同/测试/凭据；补导航即可
药衡智析_增量源码交接/public_source_candidate/05_原型/scripts/verify.sh	389	ce6712ea1bdb3920e7f0fc31db8547702fc2d96b1b6e3395da5db72da3d30ef6	322aadb6e1913d9b79417f01353ade644fe7a523	保留当前源码/文档/合同/测试/凭据；补导航即可
药衡智析_增量源码交接/public_source_candidate/05_原型/tests/conftest.py	604	ff1ca1ed49730f8ecca6b1cf1890e8f703ae5104b2b71b52c8540f61c66a2bd6	1670397d2cca43bef946fab6a2a9c2600ca03164	保留当前源码/文档/合同/测试/凭据；补导航即可
药衡智析_增量源码交接/public_source_candidate/05_原型/tests/test_actions.py	6799	53026b8b480ea1faa2f51970b393f153cc6e643fd27f6d991c895c5b825b3376	9574193b3e24adfdffb7157ad74a34235e49e68d	保留当前源码/文档/合同/测试/凭据；补导航即可
药衡智析_增量源码交接/public_source_candidate/05_原型/tests/test_benchmark_explanation_contract.py	5651	7745d8db1c58de58714ccda3a2d99d8d6e6a81926c213cd7a0af347c231c9e73	bc73e2476ba241a72b28380bd99f7499cd36b823	保留当前源码/文档/合同/测试/凭据；补导航即可
药衡智析_增量源码交接/public_source_candidate/05_原型/tests/test_benchmark_integration_contract.py	2898	44d4c47076202bf03acfa422a54238f393a7eaa9ed30efaab26118867e932720	8830cae5d3fc66b005ea5ec84a21c422c4697687	保留当前源码/文档/合同/测试/凭据；补导航即可
药衡智析_增量源码交接/public_source_candidate/05_原型/tests/test_concurrency.py	1332	f8718e9f1abe20bdf57fe9a9cc4ca78480a2e51d8794209b861389d92e2e00b1	e313a094222e3f4019535188328faad8bcb04d44	保留当前源码/文档/合同/测试/凭据；补导航即可
药衡智析_增量源码交接/public_source_candidate/05_原型/tests/test_decision.py	7044	c8ef2457e60ca5a4a84d3da107d690de67b2aa3284f8cedca1e539680f0fa6cd	c57dd0519ad65ddc66d9be5bf28b0fc14fd3a3be	保留当前源码/文档/合同/测试/凭据；补导航即可
药衡智析_增量源码交接/public_source_candidate/05_原型/tests/test_evidence_contracts.py	19856	54ade7a4b472ed44878b4f72c10a049ab34a5c1f8886935213c656b9e967118b	63a6ba2e88110db707fe8c5b6324759e25e3413d	保留当前源码/文档/合同/测试/凭据；补导航即可
药衡智析_增量源码交接/public_source_candidate/05_原型/tests/test_forecasting.py	3807	b90106629a00d137e70a6bae0b6dfa29a9b9fc3aaec952113dbc8e9d444b9b82	92731cbe736df87fa941bf1f20cff776ae840032	保留当前源码/文档/合同/测试/凭据；补导航即可
药衡智析_增量源码交接/public_source_candidate/05_原型/tests/test_gateway_failover.py	3909	ac5689cace65244e630b1c42ff902f3d04469ba77c0b08f5c8878ca98a289c2e	6a945a67cfe7fdf30df0bddb9f597ed5f2ac3421	保留当前源码/文档/合同/测试/凭据；补导航即可
药衡智析_增量源码交接/public_source_candidate/05_原型/tests/test_graph.py	5056	d59e973496402a6b4959129666bfa1b73f4e4c0096e0025da0541deac90f3d6b	7189b2dc51ecb813d8564a41b61777c1fed121e8	保留当前源码/文档/合同/测试/凭据；补导航即可
药衡智析_增量源码交接/public_source_candidate/05_原型/tests/test_industry.py	21774	14e143136fd2852283f02ebe7c453a0411018bd680d484666596b221446969fa	caee597076e88d11226fcc8c029836aa81db698f	保留当前源码/文档/合同/测试/凭据；补导航即可
药衡智析_增量源码交接/public_source_candidate/05_原型/tests/test_integration_safety.py	3397	730d854729ff3cf5359d2d72f79d0a3d78b44ead7e585e3408408b055d597bf2	c616fe3adfcf0ae12b4f5eba7f37b9a5e7efe398	保留当前源码/文档/合同/测试/凭据；补导航即可
药衡智析_增量源码交接/public_source_candidate/05_原型/tests/test_knowledge_source_selection.py	3146	ca15ff0411ab660c5c9f686d7c0e2e3a0e9b51d63dbbd153bb37f6e9ab5cd115	4643067f95511a2b0f48f10f0ae03510071f9172	保留当前源码/文档/合同/测试/凭据；补导航即可
药衡智析_增量源码交接/public_source_candidate/05_原型/tests/test_private_configuration.py	3617	da7f8be07ae2508aaeef5d17ae8a82896cc9ebea983bf3d003943d7559685053	d98895c2918ad7fa992ff96facafab327a244ef5	保留当前源码/文档/合同/测试/凭据；补导航即可
药衡智析_增量源码交接/public_source_candidate/05_原型/tests/test_purpose_retrieval.py	4787	fda0a6c62396d081466eec31f9e29b3c9c1991acf6faf7a46f2d26711ee7c45a	c2091fb712172704c05f8b86a3c906cfcf5cdf97	保留当前源码/文档/合同/测试/凭据；补导航即可
药衡智析_增量源码交接/public_source_candidate/05_原型/tests/test_recovery.py	1367	79fdbb9d136fe46f52ec2cdadce2a551d402ba8a763b685eca1ab3b3468b91b8	32c30e013ff2e18aea40242501f388681a04a813	保留当前源码/文档/合同/测试/凭据；补导航即可
药衡智析_增量源码交接/public_source_candidate/05_原型/tests/test_reference_report_contract.py	7060	609b34497984f850ee6c7af44288b6e6cf41c3b085dd001888913ffca69f6f2e	4a0243db8d34b2251f29030755ee5d328b5b2fa0	保留当前源码/文档/合同/测试/凭据；补导航即可
药衡智析_增量源码交接/public_source_candidate/05_原型/tests/test_repair_units_dates.py	4803	208e11c6822ea6f02e7854569bab10eb13ec87b8eea4cda7d2c4896f671aa63d	3ec07afb301cba97f545e9abafbb3f677bf85c4b	保留当前源码/文档/合同/测试/凭据；补导航即可
药衡智析_增量源码交接/public_source_candidate/05_原型/tests/test_report_layout_direction.py	11563	76b0a187c2ef469950921b5f1ec1de5a01735e7b9834ccabb10d8658f114d7cb	bff073d17a26ff3c78c8633071b5244e6629bada	保留当前源码/文档/合同/测试/凭据；补导航即可
药衡智析_增量源码交接/public_source_candidate/05_原型/tests/test_report_version_cache.py	3587	a4d923cd917702e35fef660df2435637b0154d467a9a848315123fe546cd6319	fc6dbafb4c748e2d1d1e3934f9753a1b1f253a55	保留当前源码/文档/合同/测试/凭据；补导航即可
药衡智析_增量源码交接/public_source_candidate/05_原型/tests/test_reviews.py	5219	a1bcd60d9ea5319fa35e156feaaec659667498572199bd9773b4be3a16f9d834	e45c738058b65d569a72f077ccb589e543b6b50f	保留当前源码/文档/合同/测试/凭据；补导航即可
药衡智析_增量源码交接/public_source_candidate/05_原型/tests/test_source_revision.py	2442	c51f72bc6ccf573e462f9ef127b70d02ad136f375e177df5463d0e8047999606	95eeb9f1b2b377f408c8dff2ce01967125427b5f	保留当前源码/文档/合同/测试/凭据；补导航即可
药衡智析_增量源码交接/public_source_candidate/05_原型/tests/test_verifier_provenance.py	1586	384340e6c3dfc1d121f94b219f6414d9bf7f304c46215460341e47b46b785bfc	fa4102b4ede32486ff2d8c8beeb1a13ad93807c6	保留当前源码/文档/合同/测试/凭据；补导航即可
药衡智析_增量源码交接/public_source_candidate/07_交付/demo_20260918/README.md	1843	a0820c598b1a23bbe9da5ac2814ec8beda722d86099bab0afab2614633c21b86	02d1e0f0871d8632596b32387f49591333ac21d0	保留当前源码/文档/合同/测试/凭据；补导航即可
药衡智析_增量源码交接/public_source_candidate/07_交付/demo_20260918/demo_receipt.json	1529	c5633f7b9f4e58d928ce4dd6589e8f971e4c9c05afa70e4f86989b4550d80be7	3f07423af681bc4ef7ac97857a1452f2268f469c	保留当前源码/文档/合同/测试/凭据；补导航即可
药衡智析_增量源码交接/public_source_candidate/07_交付/demo_20260918/pptx_render/slide-01.png	40220	7ad326b88efd3be75ba3033eb24c5f7a4088af5a1e5880250044fab44bbf2263	36d6e62b131ba3f1e17b742e93d8201d4e79df42	保留当前源码/文档/合同/测试/凭据；补导航即可
药衡智析_增量源码交接/public_source_candidate/07_交付/demo_20260918/pptx_render/slide-02.png	39032	318c834099f66d4a2af02807738749de89449aa9798971d074a7aab07740ca05	40676840b3ee5b26b44b92f561485f977060e2e2	保留当前源码/文档/合同/测试/凭据；补导航即可
药衡智析_增量源码交接/public_source_candidate/07_交付/demo_20260918/pptx_render/slide-03.png	36621	321b1cc4c6b532610166363888f9ca6a081b7bf18721b1f571d4312c53c2e50b	262f0b424e14f549c75919cf103322c1cc304175	保留当前源码/文档/合同/测试/凭据；补导航即可
药衡智析_增量源码交接/public_source_candidate/07_交付/demo_20260918/pptx_render/slide-04.png	47648	6e03e9a060ca84fc9da85380a217b47ea1c560bfd71c3ca7e843e37e8a9ab541	03e6bbcb7ba153ae9de1c23419f7f7fdafc52db2	保留当前源码/文档/合同/测试/凭据；补导航即可
药衡智析_增量源码交接/public_source_candidate/07_交付/demo_20260918/pptx_render/slide-05.png	41149	db1fc067f6758e40ce2a621edf7f16cc83d98c515408c06f6e6e9a88e2198f86	e1868d39596aef76a06c60779e0c7377d287cd3b	保留当前源码/文档/合同/测试/凭据；补导航即可
药衡智析_增量源码交接/public_source_candidate/07_交付/demo_20260918/pptx_render/slide-06.png	53378	0df33021b4a8d0da8d6910bb1c7ffab80e367b4f2997047bb5d775154da07e53	b91e0ddd553605bcb397aae583c4c9ea28e29b54	保留当前源码/文档/合同/测试/凭据；补导航即可
药衡智析_增量源码交接/public_source_candidate/07_交付/demo_20260918/pptx_render/slide-07.png	56432	a19ec6bb752abd3c6d5885b1c26163d979aec589bd13a86052e5d766fafb2274	656caaa2d15636ad6676b11ac2995678bfdef2e5	保留当前源码/文档/合同/测试/凭据；补导航即可
药衡智析_增量源码交接/public_source_candidate/07_交付/demo_20260918/pptx_render/slide-08.png	57578	2ecd6476712ac1c103d7fc30c6ceef7b8ba0a902d3207a82317b560b1c077262	8b4e7ce4e38af86afcb7f76df7f2673e70835788	保留当前源码/文档/合同/测试/凭据；补导航即可
药衡智析_增量源码交接/public_source_candidate/07_交付/demo_20260918/pptx_render/slide-09.png	57497	c54cf642625311f90fb77283391e9cff2ea4e0540246522823ea89ca2f6e153f	36147304fa451b8774cb4923e4aa56e7cafbd6d7	保留当前源码/文档/合同/测试/凭据；补导航即可
药衡智析_增量源码交接/public_source_candidate/07_交付/demo_20260918/pptx_render/slide-10.png	58361	2d3d4b0c47f88f20d75041652e46eae6dcef4388a81950a2bd0d26730ec95f79	1bf1ab584ff6847dabc12d1923530f0323c7c5b5	保留当前源码/文档/合同/测试/凭据；补导航即可
药衡智析_增量源码交接/public_source_candidate/07_交付/demo_20260918/pptx_render/药衡智析_演示与答辩稿.pdf	109073	ff9c8c532c1b0c52d7624a92ce3442ca5ab3b9cc89dd16016c8c26a86332ace7	fe4d2c16c904b4111c2c49dd7d9f069dbaec8f3f	保留当前源码/文档/合同/测试/凭据；补导航即可
药衡智析_增量源码交接/public_source_candidate/07_交付/demo_20260918/slide-1.png	24958	c78bdf7d759fd4b11d333125e4284f8d099f0acf6fdb2ea70e750dbc77a46085	34f2605fed8fdaa099ff2f8afea9de54991da2b0	人工比对后先归档候选；本轮保留
药衡智析_增量源码交接/public_source_candidate/07_交付/demo_20260918/slide-10.png	36402	4f1592f25e74c74b293b351650d44623ca612825879fde86b6099da6d7569cbe	e6bf4df5dc6a231a8d553f8da8d0d02affd2a480	人工比对后先归档候选；本轮保留
药衡智析_增量源码交接/public_source_candidate/07_交付/demo_20260918/slide-2.png	24176	0461c7e83ccca1b0c50abed32a62415d56df3b7c82c0450526e8ca9fabd6a134	9a5d4595039b05faac619373d6455c75b0f47a56	人工比对后先归档候选；本轮保留
药衡智析_增量源码交接/public_source_candidate/07_交付/demo_20260918/slide-3.png	22932	6afd98fad0561575434d0f77267433c5394d8d015615d056bd191940e687f6f8	cc84314a028c73d3c0b371f73e939e437c89da25	人工比对后先归档候选；本轮保留
药衡智析_增量源码交接/public_source_candidate/07_交付/demo_20260918/slide-4.png	29730	a986c526c415728cc5773b4078e3e539a251282e861856bb3fea18768fa5974b	dcea6852efe8349e96dd81b92f2e2ea4a7da159a	人工比对后先归档候选；本轮保留
药衡智析_增量源码交接/public_source_candidate/07_交付/demo_20260918/slide-5.png	25946	30cf4f4eab9d9569db380f88fe8f15f69359e40f3869cc2a09d6aa0e0229735f	8bccba492df0aa91056399a2cb44de68505180ed	人工比对后先归档候选；本轮保留
药衡智析_增量源码交接/public_source_candidate/07_交付/demo_20260918/slide-6.png	32130	8c68b84e42f6068a7fbc900e8f4c292f9f2323e77c3f766cd15c9be021f93805	dbd3d14513e5f8a2722402c50f61a27a6f04a5c7	人工比对后先归档候选；本轮保留
药衡智析_增量源码交接/public_source_candidate/07_交付/demo_20260918/slide-7.png	34707	a30faed98fe04b840ab39ffa58ac646be15619751f781080c4cd9c6e7d56fa2e	bdf34c7f8d371bac7d5a446b98d8200e39884426	人工比对后先归档候选；本轮保留
药衡智析_增量源码交接/public_source_candidate/07_交付/demo_20260918/slide-8.png	36562	abeeb90f3701ff4f200ec013be949cd01e53a76e9f65169a17415b7ec7c0382e	9b70ecf1581f7f3ca229a89c7e128606f4f502cb	人工比对后先归档候选；本轮保留
药衡智析_增量源码交接/public_source_candidate/07_交付/demo_20260918/slide-9.png	35956	e97a23831530e567aeb3f42d74d845e73d0b97c4db72cf3b4f6e39e09a34b7b9	30acb975e6e17e22fcf42a39e4940cd20b8b214e	人工比对后先归档候选；本轮保留
药衡智析_增量源码交接/public_source_candidate/07_交付/demo_20260918/yaoheng_demo_narrated.webm	7860363	fb7556f7110dd2bba082e7379033a8384dbe704224b1c84dc5227464fbfa1f7a	263ed48267098929250562177adb34c9ea49b165	保留当前源码/文档/合同/测试/凭据；补导航即可
药衡智析_增量源码交接/public_source_candidate/07_交付/demo_20260918/药衡智析_演示与答辩稿.pptx	41585	342de75c4a64a4912a232587f54a86bb284a81ee59f65aa7f87779e5303ac98c	7fc18c63e1497d89dc65d8b654ae5406469f935c	保留当前源码/文档/合同/测试/凭据；补导航即可
药衡智析_增量源码交接/public_source_candidate/07_交付/demo_20260918/药衡智析_演示与答辩稿_阅读版.pdf	10635731	49ac4752fb6ea50ea66e6bdff66a0f2284b7ae9c8560d636b743ec36e20f6b9f	601b3f30e73c66dcf134d86f19668fe67f5ab5f6	人工比对后先归档候选；本轮保留
药衡智析_增量源码交接/public_source_candidate/07_交付/release_20260918/README.md	2664	5dd0f07b276a2b6bb27f2f4822035a0a7b8e70ff3cf588ee5616f02625c81ca0	7987faf11b99ff9e129374b5f7b4d5b1aee9b3e5	保留当前源码/文档/合同/测试/凭据；补导航即可
药衡智析_增量源码交接/public_source_candidate/07_交付/release_20260918/SHA256SUMS	5352	b7a47dc3ae28ecb97926b672a217a52e59723bc7277b16278064302356ceedb2	897cb26146b790c88647cfd6041987775d2791bd	保留当前源码/文档/合同/测试/凭据；补导航即可
药衡智析_增量源码交接/public_source_candidate/07_交付/release_20260918/demo/synthetic-framework-demo.mp4	1125541	710a4ca0877bf00e5f9e46bf234488f53eb6a170ac6473eaf98b1372bf971ed2	02df02c1fb62fc546bc53b3289d5903be7121a7f	先归档候选；不按过期直接删除
药衡智析_增量源码交接/public_source_candidate/07_交付/release_20260918/demo/药衡智析_演示与答辩稿.pptx	38552	3052d0f9363292db1325643a76d63beabca1954c0d14f59f4c3271bde590cdd5	e834d363aa62becf79439cc144c394d2c172431f	先归档候选；不按过期直接删除
药衡智析_增量源码交接/public_source_candidate/07_交付/release_20260918/demo/药衡智析_演示与答辩稿_阅读版.pdf	10632235	a156e319b51068df772583d8273ff8883d859096c075ae3ca70c3a2acde1bd79	91d199a0a2e0193f76684161fecbe0b916f4d339	先归档候选；不按过期直接删除
药衡智析_增量源码交接/public_source_candidate/07_交付/release_20260918/pages/Q2/page-01.png	138658	21194c80b3dbf8e3c1f50916fc7462a90dd99efcf98b7aa549671c43f663c132	bd340e2a20341fce41be6f7a286d8031fcddbb6d	保留当前源码/文档/合同/测试/凭据；补导航即可
药衡智析_增量源码交接/public_source_candidate/07_交付/release_20260918/pages/Q2/page-02.png	134020	ecaeb153b46bfb849b75c54ad7e3767470904d5017cf1583c3b2b78510ee107e	9edf648234d063799d972297d45d2dcd14809cbe	保留当前源码/文档/合同/测试/凭据；补导航即可
药衡智析_增量源码交接/public_source_candidate/07_交付/release_20260918/pages/Q2/page-03.png	243306	2a996cb90ce50816339ebd60edeb2f7ad94b7e891077982d32dea4490b6e6c1a	b7654d691b89fa5069361c16e3310ed5548428df	保留当前源码/文档/合同/测试/凭据；补导航即可
药衡智析_增量源码交接/public_source_candidate/07_交付/release_20260918/pages/Q2/page-04.png	144798	a9f9457b81467c068846c7fd03cc667b4c8f2e6a2cbe45911e0fd28b48fa4c16	927ecd997a9f5c439b1ac58d546ff6bb7e00add3	保留当前源码/文档/合同/测试/凭据；补导航即可
药衡智析_增量源码交接/public_source_candidate/07_交付/release_20260918/pages/Q2/page-05.png	190835	8d5e7fedbb17727fa55f78629342ccb1db5c4a6e67f21cef0c3811b4512034a1	c9d557037917f16bff523c424c4d97313667dd34	保留当前源码/文档/合同/测试/凭据；补导航即可
药衡智析_增量源码交接/public_source_candidate/07_交付/release_20260918/pages/Q2/page-06.png	281987	161c1f438e90f220d93e68fa3690924c076abdee18d555cebea492f9cfe640f0	4773f020bf94aeac3201188b92aa0b9e5b480d60	保留当前源码/文档/合同/测试/凭据；补导航即可
药衡智析_增量源码交接/public_source_candidate/07_交付/release_20260918/pages/Q2/page-07.png	44908	45afafd43124ff8e101af017a124ec9897d4f3d713e50e1de134585bc5abefd0	82ed95aec4c500c20c51649e26efd2978c26b85e	保留当前源码/文档/合同/测试/凭据；补导航即可
药衡智析_增量源码交接/public_source_candidate/07_交付/release_20260918/pages/S1/page-01.png	134091	e417e55c1ab6e399aa8542d7b3dc4e3e365bb71150523fc62bacbf4d7a9fbe62	db14bb1b5b9aabf3c4b6e8085646a5a5edfba7db	保留当前源码/文档/合同/测试/凭据；补导航即可
药衡智析_增量源码交接/public_source_candidate/07_交付/release_20260918/pages/S1/page-02.png	113112	7a8c3f2a9106424b4f3da2f744bc2232e23e01784b17eb29149a8bdde7beff7a	0a1410327c1b0a22a2680077c7358d717ab924fa	保留当前源码/文档/合同/测试/凭据；补导航即可
药衡智析_增量源码交接/public_source_candidate/07_交付/release_20260918/pages/S1/page-03.png	207613	e04705309ea6d9648de6aa6949b9e48bf14a10d9e76aaf576d20241f17a20f93	7873bf13102710637204b54f032dc1c6742c5997	保留当前源码/文档/合同/测试/凭据；补导航即可
药衡智析_增量源码交接/public_source_candidate/07_交付/release_20260918/pages/S1/page-04.png	113839	8c71fb347f1385ca00c6ec42cf07187e8d080a788d001288e9b605452759d59c	a91055c29f006228c444f86f69954dc6d83386e3	保留当前源码/文档/合同/测试/凭据；补导航即可
药衡智析_增量源码交接/public_source_candidate/07_交付/release_20260918/pages/S1/page-05.png	166272	cface6926d072a06b36a77665d51db2ff8a7f0fedeba85e8cb7cc189d715a560	ffb60121b6f2903e4ae1be3bc0b268b75dab73a6	保留当前源码/文档/合同/测试/凭据；补导航即可
药衡智析_增量源码交接/public_source_candidate/07_交付/release_20260918/pages/S1/page-06.png	269585	e2c3b70d62aaa8b8414b984630a0c024888e425e91d4df335578cbf17ea441c2	0798405de10a65551cbd39600d2bde1d21ec729d	保留当前源码/文档/合同/测试/凭据；补导航即可
药衡智析_增量源码交接/public_source_candidate/07_交付/release_20260918/pages/S1/page-07.png	44246	3985197779b1ddb7809ca7cdb1912a01094dda6a5a89c43ef19093498531074c	fefb573a0488910c3f69ab06430833f1df4ece95	保留当前源码/文档/合同/测试/凭据；补导航即可
药衡智析_增量源码交接/public_source_candidate/07_交付/release_20260918/pages/S2/page-01.png	134791	ac0407ea247b3fb50d08778a52a765f01160322ab12f562701d238bc4d51db2a	7b316e06439147e4fd3b3879f5f47b47cc9dcfe2	保留当前源码/文档/合同/测试/凭据；补导航即可
药衡智析_增量源码交接/public_source_candidate/07_交付/release_20260918/pages/S2/page-02.png	102068	91df09ba58715fd79820ab4f3ba70b90336f75c4405fd936a8ed603c5750495a	d4927f8603592ff2c382bce8d4c4483bfe1a83df	保留当前源码/文档/合同/测试/凭据；补导航即可
药衡智析_增量源码交接/public_source_candidate/07_交付/release_20260918/pages/S2/page-03.png	205265	e8d01bf90f76f4c788409f9cefa8471d5a3584aa1e62af2fd7e6dbbb1c512f19	7cef229315b33cd89759ddefc2eed59fd8e078f0	保留当前源码/文档/合同/测试/凭据；补导航即可
药衡智析_增量源码交接/public_source_candidate/07_交付/release_20260918/pages/S2/page-04.png	110883	9c9e07ede74dd35008892f3846912ddf3e6a04162c07c7e9965079d800cf377a	ec2ce695d5eee11f96c41e4a9a15c3a7e72f84cf	保留当前源码/文档/合同/测试/凭据；补导航即可
药衡智析_增量源码交接/public_source_candidate/07_交付/release_20260918/pages/S2/page-05.png	192888	5d0a9f0d840e29be48056bbfb85fce800b030df708e83dec5ad29d8e9689afd4	6f15ad4ce1d881b5bfe6a18464d2bc4c0e7de056	保留当前源码/文档/合同/测试/凭据；补导航即可
药衡智析_增量源码交接/public_source_candidate/07_交付/release_20260918/pages/S2/page-06.png	269257	8b18552a69e56842029a061c4c51753268c0f439f5ab5a1cc954b02575913580	4b02ef15d956a6b1774b65ab6375eaec1a72512d	保留当前源码/文档/合同/测试/凭据；补导航即可
药衡智析_增量源码交接/public_source_candidate/07_交付/release_20260918/pages/S2/page-07.png	52918	10ea6c5d6d732d5a2a8e1f1d7b93f3f80e29a146c202140f25ca0b4b427bbcb3	81ff64227f372afa0c4a89ec4d9ebb104ce2e6ab	保留当前源码/文档/合同/测试/凭据；补导航即可
药衡智析_增量源码交接/public_source_candidate/07_交付/release_20260918/pages/S3/page-01.png	137444	6e9588e52f93c06388258040ed456a9910a51c01a56b319961efb50a87fef8bd	e6c394bafe0d069483ddd61a495b089307e5e237	保留当前源码/文档/合同/测试/凭据；补导航即可
药衡智析_增量源码交接/public_source_candidate/07_交付/release_20260918/pages/S3/page-02.png	120713	afc33b6f5937c0474241b19e3199c71e636093faaf795a6d1a42697095360361	8eeaf6f432fea323ede26e9183ed02551bc4521f	保留当前源码/文档/合同/测试/凭据；补导航即可
药衡智析_增量源码交接/public_source_candidate/07_交付/release_20260918/pages/S3/page-03.png	268068	7844cef15f1b6bed9e45cdc72116b8842f384607875b567f490a80f52fda7a74	5de668577a60be3ba2a0bb6534085125ac11753c	保留当前源码/文档/合同/测试/凭据；补导航即可
药衡智析_增量源码交接/public_source_candidate/07_交付/release_20260918/pages/S3/page-04.png	121234	6ea8b85b1859adad92f82d8c5b16297e48e49091c28ca36bedaf7387c6a2d527	9148be663a26ed4cf4a88b394447dc402cd3a39d	保留当前源码/文档/合同/测试/凭据；补导航即可
药衡智析_增量源码交接/public_source_candidate/07_交付/release_20260918/pages/S3/page-05.png	194481	36a74b23b6ea9de8abf240df7f26b66c5b95cfded32420959a2856c99d92cca1	28067c16473341c0700d5d86b76ac3a2385f1f45	保留当前源码/文档/合同/测试/凭据；补导航即可
药衡智析_增量源码交接/public_source_candidate/07_交付/release_20260918/pages/S3/page-06.png	279134	de921e8bc4e691895004a944497d75db39d71a941c32db2846d8b53570617c55	3711cccbbbdb2b616ac49692502dc4c6c14fe35a	保留当前源码/文档/合同/测试/凭据；补导航即可
药衡智析_增量源码交接/public_source_candidate/07_交付/release_20260918/pages/S3/page-07.png	64055	8a2dad47f73f9ca11eb1e659375c1ed8953e4a217e88af76b30a0fafc912e105	50b068f0b2a189c316dcfd6881485c1dcb6d1df3	保留当前源码/文档/合同/测试/凭据；补导航即可
药衡智析_增量源码交接/public_source_candidate/07_交付/release_20260918/pages/chemical/page-01.png	160419	012cab73f06c2cbba331f7b1268bb61648352e9c5c78b1cd32ac02637edfe21c	84ef40214c124c270520a086fb28f9d84a94af31	保留当前源码/文档/合同/测试/凭据；补导航即可
药衡智析_增量源码交接/public_source_candidate/07_交付/release_20260918/pages/chemical/page-02.png	278592	7b22df5c6196c8bd215b9734c341b68d1776dcc8fe5c8a65ecd97f1e34fb0cfb	fd72610a08b4aa8e05d169a9b0f3e2c5178b2f34	保留当前源码/文档/合同/测试/凭据；补导航即可
药衡智析_增量源码交接/public_source_candidate/07_交付/release_20260918/pages/chemical/page-03.png	250780	27db7740371ca2cfe226b6a097e7e79f08b8d209745287e578c5bb239a91db61	69fb12325eef1492bc98dd295be6b81011b466ae	保留当前源码/文档/合同/测试/凭据；补导航即可
药衡智析_增量源码交接/public_source_candidate/07_交付/release_20260918/pages/chemical/page-04.png	18801	2c8f366cc112c1b5fe184c90456caf3c85d61819c65c7b12a899a7c61511f596	5a382d8ad53895a832335b35b541f6a2eb0939bd	保留当前源码/文档/合同/测试/凭据；补导航即可
药衡智析_增量源码交接/public_source_candidate/07_交付/release_20260918/pages/mechanical/page-01.png	163618	17075e483a881caec0e20ffc16d2cd5411e2b00b7af330536089d2eaaf578d2a	3f7a854957a967e16d4b3d9935b3ee56ab018af1	保留当前源码/文档/合同/测试/凭据；补导航即可
药衡智析_增量源码交接/public_source_candidate/07_交付/release_20260918/pages/mechanical/page-02.png	217804	2098687aba03253fe0605778d51b88a9cb30158bc422ce1718b69aa1acb26995	ec997f271312787d70443a9f882b1fc72bedc407	保留当前源码/文档/合同/测试/凭据；补导航即可
药衡智析_增量源码交接/public_source_candidate/07_交付/release_20260918/pages/mechanical/page-03.png	114791	f042052e797db2e8a8da14ca368aa9026af2830e9f90521649b6e835b90e5624	4d4a916ad0836de43917447a02a0201c94f3e9a3	保留当前源码/文档/合同/测试/凭据；补导航即可
药衡智析_增量源码交接/public_source_candidate/07_交付/release_20260918/pages/pharma_synthetic/page-01.png	169787	e0608d37a0830e3e568a3dc3abce963abfda745cea146f412d00cf13f5a5c4ad	d336d973737977959961cfc05aa233af58c37645	保留当前源码/文档/合同/测试/凭据；补导航即可
药衡智析_增量源码交接/public_source_candidate/07_交付/release_20260918/pages/pharma_synthetic/page-02.png	250154	3fe17273edc01467104a08d7a701c29b943bcc7dd163eb0f4b3b582631246e25	5d3a3b424527ae4e10c8dc31e8668961aae97191	保留当前源码/文档/合同/测试/凭据；补导航即可
药衡智析_增量源码交接/public_source_candidate/07_交付/release_20260918/pages/pharma_synthetic/page-03.png	180026	77ebae36a0f504820d821c53f39aeb8003e14572d7f6cdaa00287dc482fd8053	c32083f901875dd1b748107a2310acb29d75d176	保留当前源码/文档/合同/测试/凭据；补导航即可
药衡智析_增量源码交接/public_source_candidate/07_交付/release_20260918/release_manifest.json	12062	053295ae82774f3050da6c917586f2154770f03ccf62280825ca6654b09a41fd	5b47b0aebc0a796cce303f1b17e238d3fae03017	保留当前源码/文档/合同/测试/凭据；补导航即可
药衡智析_增量源码交接/public_source_candidate/07_交付/release_20260918/reports/Q2.docx	152230	51bcbc0205b6c81df6ca23abe2d711126fe7b9039b5165a32a8dbdb1840d7c9f	598efd60ba3e078f1adfad0f3ad1b3cff335eb0e	保留当前源码/文档/合同/测试/凭据；补导航即可
药衡智析_增量源码交接/public_source_candidate/07_交付/release_20260918/reports/Q2.pdf	545505	e5a69fe8b907de1bac86be30d63274830cc9e39920b34c64cc971c21050cb63a	db8c4b109e8b23b7fa0e29392c25b349a1e2ba44	保留当前源码/文档/合同/测试/凭据；补导航即可
药衡智析_增量源码交接/public_source_candidate/07_交付/release_20260918/reports/S1.docx	145544	1c52fffe30d933c58434694efac8e2a71aeaee253dff1e7431b648a9b2006f14	44476fab1fa1f49fc93610acfe583aff005a4a96	保留当前源码/文档/合同/测试/凭据；补导航即可
药衡智析_增量源码交接/public_source_candidate/07_交付/release_20260918/reports/S1.pdf	496425	eb618985a6dedfdc4abb0e4bf1d5c0a24c1d08a69a258f7e0f9f1c70c11d2866	7d4682e136d9fc293b9f8ea8a06dac1d323289b3	保留当前源码/文档/合同/测试/凭据；补导航即可
药衡智析_增量源码交接/public_source_candidate/07_交付/release_20260918/reports/S2.docx	148249	f69a1da3f7e34c3870176919c7ad4e4b60c3bca7f948342449b0ab281e931087	5c5e9e576a84cd593acaa74099aeb7754ba2c71c	保留当前源码/文档/合同/测试/凭据；补导航即可
药衡智析_增量源码交接/public_source_candidate/07_交付/release_20260918/reports/S2.pdf	487497	b0ba44fe187eb318646414be5ea7015afd7719d7b7dc8f71ddefa3b45d4e771f	6c6320c022d69a363037bfa2bdeac6fac27db49b	保留当前源码/文档/合同/测试/凭据；补导航即可
药衡智析_增量源码交接/public_source_candidate/07_交付/release_20260918/reports/S3.docx	148893	444b3b66672c5b8e78a71129db3d6c0dc35b9cf27aceb9eb9c9f1b035c7220c5	aebcb90af81928a75b7897cd4f03032d5bb13234	保留当前源码/文档/合同/测试/凭据；补导航即可
药衡智析_增量源码交接/public_source_candidate/07_交付/release_20260918/reports/S3.pdf	537051	5a492dc01591f1976eac79d8d04ce5164d11af94d607e0c9e2b0764a2726aaec	ba2f897317e484dceeb04b4ca0bfa24f090a936e	保留当前源码/文档/合同/测试/凭据；补导航即可
药衡智析_增量源码交接/public_source_candidate/07_交付/release_20260918/reports/chemical.docx	66344	dccc4eb9a6518e9efe5db8a2fb58d3733d68fc6404057db38282ada506a4b193	8699bb0070de78814ef539b06912912c366c38ad	保留当前源码/文档/合同/测试/凭据；补导航即可
药衡智析_增量源码交接/public_source_candidate/07_交付/release_20260918/reports/chemical.pdf	195149	d2ff932e5a961a1e7ccbbefa8b1c1b854522939f802384cadca0b452b3072f2a	4d549e71125e282794a2ea8d7c1f7b7adb5b6017	保留当前源码/文档/合同/测试/凭据；补导航即可
药衡智析_增量源码交接/public_source_candidate/07_交付/release_20260918/reports/mechanical.docx	68796	8add0659f67759a9b8eae9d88d4b14791e12a66ff026cfee873a84bd95c06e91	674e890cf0c7b3bc02c66eedbe49d8732f814f47	保留当前源码/文档/合同/测试/凭据；补导航即可
药衡智析_增量源码交接/public_source_candidate/07_交付/release_20260918/reports/mechanical.pdf	165640	602276cd2dedd3dec190eb3e1054d0bc180cbf4fe4ead93555b352ea58e47b4e	12e6e7c0ce06c03d01b264dbda890f621a8f37ec	保留当前源码/文档/合同/测试/凭据；补导航即可
药衡智析_增量源码交接/public_source_candidate/07_交付/release_20260918/reports/pharma_synthetic.docx	69134	abfff6e053b0bc4163e6eb596a948b106e5367a39bc7d62ada4ae5b25d1b831f	d11b4ddd1f48970a4bf0badb1d8fead448b13f8a	保留当前源码/文档/合同/测试/凭据；补导航即可
药衡智析_增量源码交接/public_source_candidate/07_交付/release_20260918/reports/pharma_synthetic.pdf	173691	b4e63738e8accdef87dbb0699be766439323c3b3ab2867cce6426356703335d6	044abe4d87329109c4ace96b215d03d77d7e8c7e	保留当前源码/文档/合同/测试/凭据；补导航即可
药衡智析_增量源码交接/public_source_candidate/07_交付/release_20260918/ui/benchmark-real-stable.png	639916	3063dddb65274772c2968d26e49184548031c25bcd8aad228aaf675151e264f7	4d25e29853e05a216829491467b00bf8f7d3b2ae	保留当前源码/文档/合同/测试/凭据；补导航即可
药衡智析_增量源码交接/public_source_candidate/07_交付/release_20260918/ui/desktop-stable.png	536181	ac2831eeab360b34cdd563710b810e22e2a12ab2e9a1487d543cbe14134e7ffe	10e6a2a4a354c72c827613452db6cae791b0d6af	保留当前源码/文档/合同/测试/凭据；补导航即可
药衡智析_增量源码交接/public_source_candidate/07_交付/release_20260918/ui/mobile-stable.png	462425	89e5c39517d05b851f68f347268bb1b8d6805046821b9084447b6ebd3bf2cd67	0abd99cda96c9dd0637b31674e79f0aea16f8432	保留当前源码/文档/合同/测试/凭据；补导航即可
药衡智析_增量源码交接/public_source_candidate/AGENTS.md	1924	da69bdb928d99b536b9a2bb36783fc5966b61d81b8cf3d29c62c29fc5fc3a1e7	016616efd67649a79731664364127be2f0f08121	保留当前源码/文档/合同/测试/凭据；补导航即可
药衡智析_增量源码交接/public_source_candidate/CONTEXT.md	3362	41d2105e49548817b58c4ca2e13bb617e4e5e919a9b99416d417a23c4c5de43d	563ae0c44fcf3d9c1c72a1298dc6ee105f691be7	保留当前源码/文档/合同/测试/凭据；补导航即可
药衡智析_增量源码交接/public_source_candidate/README.md	7522	f4c5ec75e4fe6b28adbab0758779b664dd8ec10f1e0d1c95fa4c2e8f59ec592a	b29dc2d18efecbf48f7a67183e22a9bcfbfcb9c3	保留当前源码/文档/合同/测试/凭据；补导航即可
药衡智析_增量源码交接/public_source_candidate/competition_configuration/pharmaceutical_masterdata.json	406	63e55cb4fb9ee5c95bf3a32a291c49c101b69ec90c0cadab0d412ef4794ab3b0	bc56ec9bf59d1e0e0d12514531308ee2e1aa2040	保留当前源码/文档/合同/测试/凭据；补导航即可
药衡智析_增量源码交接/public_source_candidate/competition_configuration/pharmaceutical_terminology_original.json	669	c3eb4a12bd74fae9a775bc14573e3005a54cb4dee4220bc8b3095ed783d01936	a5ac48e8cbc04cb2f1ef76bb8f009a3fc1c9f5a4	保留当前源码/文档/合同/测试/凭据；补导航即可
药衡智析_增量源码交接/public_source_candidate/competition_configuration/scenarios.json	549	a873d08591851dde69bdccf227407494d46e7c3bf17b537660408551132783c5	23b0b4d4f1407afe421994d6842d97b528ba9018	保留当前源码/文档/合同/测试/凭据；补导航即可
药衡智析_增量源码交接/public_source_candidate/docs/Matt-skills-LICENSE.txt	1068	0e7ac423bf2c6e223b7c5b156f8cf72da49d748e56a1641402c31f22ad07dbb5	f1dd2c09108dde1a5f56097cee8461b3ea834499	保留当前源码/文档/合同/测试/凭据；补导航即可
药衡智析_增量源码交接/public_source_candidate/docs/ZCODE_HANDOFF.md	16226	fa0521b88e5a9920f5c79b10d489542e1aa65d364252ec2e55227c10e644671f	8d25766ba298c0633c60263b0aaf4e7541c99cbf	保留当前源码/文档/合同/测试/凭据；补导航即可
药衡智析_增量源码交接/public_source_candidate/docs/adr/0001-deterministic-cost-engine-owns-numbers.md	1002	175c19559badecbfb3263a5599136cf299d5f6f96d3d6bbff5dc9d76ccf9344d	ebd9a402178f5f4c55c52effb7eddabc3b434cf7	保留当前源码/文档/合同/测试/凭据；补导航即可
药衡智析_增量源码交接/public_source_candidate/docs/adr/0002-local-first-lightweight-rag.md	1387	dfdf333459bb46b3c6c1da449d456051f62e259f25373a59f2af92e82f2f635b	b359541f4f5b007d34f3739cef2c351206472ebf	保留当前源码/文档/合同/测试/凭据；补导航即可
药衡智析_增量源码交接/public_source_candidate/docs/adr/0003-framework-compatibility-and-local-fallback.md	1953	035df34794e6f9cb22fd1ac6015224da83b524c9568805380784d2ceec3159cc	5896c90a7cd65cb5c3733e03cdf851e4b0d9aafa	保留当前源码/文档/合同/测试/凭据；补导航即可
药衡智析_增量源码交接/public_source_candidate/docs/adr/0004-industry-packs.md	2988	fcb24d3bc8dea7887131e8a67dc8bcff1151c63a87c01b4aaa26606ee161a56a	aab2fcb6fb66a0722f4a4dd3e99b36f9f3b186d5	保留当前源码/文档/合同/测试/凭据；补导航即可
药衡智析_增量源码交接/public_source_candidate/docs/api_and_operations.md	6738	cbc8979c556fc267cae692b8375e844991d9c6494c224ec737af8276e322ac57	8fb2fea116431a89c1eea7e2d47a8697d7b92b34	保留当前源码/文档/合同/测试/凭据；补导航即可
药衡智析_增量源码交接/public_source_candidate/docs/architecture.md	6600	e32999df010b126b1d3c47674afa8ca391363c7f45195b73c0729e33ce9cc099	a2fa51bd503adc4d8ccdff0664ca475d5e969dfa	保留当前源码/文档/合同/测试/凭据；补导航即可
药衡智析_增量源码交接/public_source_candidate/docs/competition-assets.json	39412	32d9ede60dd989192527eace3b6ad8de8e54288142d692a4d70a84f5954e14ce	fc57b817f7fa36e6648ee0d623a64948b9fee9cc	保留当前源码/文档/合同/测试/凭据；补导航即可
药衡智析_增量源码交接/public_source_candidate/docs/current_run.json	11501	4bb4776fc8fae46358a8a718ec58c42cb7e1169a259daeedfe23b149a432306d	f3bd835919819233381d9fa9ed42f239229d27da	保留当前源码/文档/合同/测试/凭据；补导航即可
药衡智析_增量源码交接/public_source_candidate/docs/data_contract.md	1527	420b91d2c4a178fa58d4c175ced1d7c968db4d1d882430ebcb44af7eb9e68d00	d65ff43ceb15d3f5aca01c69bf67cf10284aefab	保留当前源码/文档/合同/测试/凭据；补导航即可
药衡智析_增量源码交接/public_source_candidate/docs/embedding_manifest.json	681	8342209ff0c496c5c28a20a8d238f0650dcda402fdaad7a70edc59d172a8454b	811cd63265b60f9a7e50e75b827578c3a65b6ce1	保留当前源码/文档/合同/测试/凭据；补导航即可
药衡智析_增量源码交接/public_source_candidate/docs/evaluation_report.md	6053	eb70aa7cfad79d1598687fcd3d444f2034d1e09f1f3003f8b5fa7795541d007c	f64841494368c110ee3ac830b149c8b457b5ab78	保留当前源码/文档/合同/测试/凭据；补导航即可
药衡智析_增量源码交接/public_source_candidate/docs/implementation_status.md	8206	86b24f68eeda456c62ac6e75fa8016b098ed215b018e8ace16ce58e1042a6f4b	adaae55e3d4c0d60c348307dc9a8ca93e36a9fe6	保留当前源码/文档/合同/测试/凭据；补导航即可
药衡智析_增量源码交接/public_source_candidate/docs/industry/development.md	10681	9fa9fd832411b848c3bc991780c0fcdb2920b0decccd286d3d12bd2eb3dc9e32	903404671d4fff5fd5dc398726b5d673cb9a1f6f	保留当前源码/文档/合同/测试/凭据；补导航即可
药衡智析_增量源码交接/public_source_candidate/docs/industry/migration-evidence.md	3981	7bee98c8bbc2b3e1d769b250fc5555bd17277d220aade4933371429f09a0c05d	3cff9f17714920c089bcab1d9bd5d4860f0b2831	保留当前源码/文档/合同/测试/凭据；补导航即可
药衡智析_增量源码交接/public_source_candidate/docs/industry/research-ledger.md	1696	d0bfb295bef853a1de6c590c24ff277623b1792cb856724641a10278e6d5e542	8c6eb07fbd00f100f9f98971b4651df60b5878d6	保留当前源码/文档/合同/测试/凭据；补导航即可
药衡智析_增量源码交接/public_source_candidate/docs/privacy-removals.json	136857	c24e8aaa6e053eb75f9d5aaaf5ad114042bdcf6335735e8708f91de5b2e622cb	99ea1f2a832c2cd68250f2ea6869767dce0eec72	保留当前源码/文档/合同/测试/凭据；补导航即可
药衡智析_增量源码交接/public_source_candidate/docs/privacy_boundary.md	3388	65c67a8801eca6e400908c8b4f45b5bafc778e1315a28ce2abcc259b62448b70	128940119f96c64e8a688d0e3dbb10978bff21f4	保留当前源码/文档/合同/测试/凭据；补导航即可
药衡智析_增量源码交接/public_source_candidate/docs/prompt_design.md	4149	206815d517660b40246d87edbba78f4073b6213196de5542611438ba4cca6fc8	623322da418104b7fb3984ab9648260a5f2dcf53	保留当前源码/文档/合同/测试/凭据；补导航即可
药衡智析_增量源码交接/public_source_candidate/docs/publication-authorization.md	1402	ea41a35391f39f09161149cd3d34c23452c1de520225d0ff3a866af1e934ca84	98e92ff5b42a399176f844361473fb4027aed749	保留当前源码/文档/合同/测试/凭据；补导航即可
药衡智析_增量源码交接/public_source_candidate/docs/rag.md	2193	9c2e60dfc6c4a2598463c3ac2799d42c20ca716b3da400cdbee8177bb925d019	04dc305603cf094986309af306a5b82e3e3ade5f	保留当前源码/文档/合同/测试/凭据；补导航即可
药衡智析_增量源码交接/public_source_candidate/docs/retrieval_contracts.md	11664	5de0f89076f9e3a5d75c2d09f84f9a9b676ed2d90090b415b9d3cc17d517397f	3149aa3a47b26f32cf5f7ac757a513405801744e	保留当前源码/文档/合同/测试/凭据；补导航即可
药衡智析_增量源码交接/public_source_candidate/docs/template_parsing.md	2516	9911d8b4e7b0ddbfcc33657b49935aefe61f7db7e59d7ed7114888abb5dbc8b1	80d0c47a330cd75d54d1a4a72a1f6ee2ec36f275	保留当前源码/文档/合同/测试/凭据；补导航即可
药衡智析_增量源码交接/public_source_candidate/docs/third_party_reuse.md	5865	34d8e549ed06fee007d2aaffc17d0249026a344703d6932cafb8bcd1bbcef4c0	0a33886cf8cd8ceae539fa5ea8bee36d18ec4f93	保留当前源码/文档/合同/测试/凭据；补导航即可
药衡智析_增量源码交接/public_source_candidate/docs/validation/audit-summary.json	2221	500cca2dfee406a39b290765f3f5ffc05ff1e2b8d6548f5085797bbc9110b1dc	1ffa045a049ecf54561b205ce728a3ffda1bb3ea	保留当前源码/文档/合同/测试/凭据；补导航即可
药衡智析_增量源码交接/public_source_candidate/docs/validation/bonus_20260918_glm_v18b/manifest.json	1876	698794a045374f4336a40a305620486f7712f21bea14b53a7f08d74da76d6eff	a970bed452a3d937014fbc0c4032108d62498d1b	保留历史；只补索引，不建议删除
药衡智析_增量源码交接/public_source_candidate/docs/validation/bonus_20260918_glm_v18b/model_live.json	7530	6e35ff6d699fad2da5298e6c0a8889f95f7f7b1ad9b86706b740dc6aad0a6204	b8a4914a3ddc7f7a89330d120c7d536124f0b02d	保留历史；只补索引，不建议删除
药衡智析_增量源码交接/public_source_candidate/docs/validation/bonus_20260918_glm_v18b/retrieval.json	1665	c303fbc1b04f67264149da77a301f53ed1d23f4a30927ca7d3e5a016cb6e1cef	31b1b562cd8a87092e4bcd456456251bdd289933	保留历史；只补索引，不建议删除
药衡智析_增量源码交接/public_source_candidate/docs/validation/bonus_20260918_glm_v18b/rpa.json	1637	1abe0335651a88548ad1ae6a28ec34906d8a3e681e6f38d090b8e7c348b8a956	1bc85cdb945332f93ca7ca7e7edfdcabdf002650	保留历史；只补索引，不建议删除
药衡智析_增量源码交接/public_source_candidate/docs/validation/delivery_20260918_47c5806/artifact_audit.json	4506	9ba0a2c9a0947491ede9c26fcb44803deb7e0b9262a9da43080425bd27ef862a	99e707e31621d4d10550249cf3dac2a56dae955b	保留当前源码/文档/合同/测试/凭据；补导航即可
药衡智析_增量源码交接/public_source_candidate/docs/validation/delivery_20260918_47c5806/browser.json	4137	00aca0227bdb6630ab28701a8727b928670d6b6d669303e0f2fae0bffd8bd0ff	f2669420d6ec385b8fc38975d4fec12b599fb5af	保留当前源码/文档/合同/测试/凭据；补导航即可
药衡智析_增量源码交接/public_source_candidate/docs/validation/delivery_20260918_47c5806/model_live.json	6759	214777a98a693a7c6a042e8026538e96f50d3d9ff3417cd2c84a6e73223b60b0	0b9d478c19d67797c58f3672404d5b61e4d237e3	保留当前源码/文档/合同/测试/凭据；补导航即可
药衡智析_增量源码交接/public_source_candidate/docs/validation/delivery_20260918_47c5806/retrieval.json	1604	9a9daece52a0d213b7f175a33e7f612683181146e7e3786f09130fe3b7f2be6f	f1ced2fedf1a939943a46bf17972a1570071c220	保留当前源码/文档/合同/测试/凭据；补导航即可
药衡智析_增量源码交接/public_source_candidate/docs/validation/delivery_20260918_47c5806/rpa.json	1583	b7794781c5c4a88ac9b1192fe230b40a0a0bf9813bdf23d50b168d7d6d38fe97	a180c152bb92ae4b3ae9738fe9d30cdca5537dc6	保留当前源码/文档/合同/测试/凭据；补导航即可
药衡智析_增量源码交接/public_source_candidate/docs/validation/delivery_20260918_47c5806/three_step.json	722	e152e780b2766fbf4340f94df7148c8b9a3fcff9d964f0fdad15c48152b9c81b	9787b01a959191afa78eb740012e118114e517ef	保留当前源码/文档/合同/测试/凭据；补导航即可
药衡智析_增量源码交接/public_source_candidate/docs/validation/delivery_20260918_47c5806/verification.json	17813	a06354eb252ed1339c0f78bb047aef9d0dbd9a6c9fe1fd4535ab1500bd69ffbf	d9218ea881f9ccb52397f2e00246a4146ae47378	保留当前源码/文档/合同/测试/凭据；补导航即可
药衡智析_增量源码交接/public_source_candidate/docs/validation/delivery_20260918_47c5806/visual.json	6668	80b987653c66b9cb7229bd67c0ad0a7ccd869ed9f1825fdfb94c1ed2808ffe9b	8769f4318090bca002b24c2b24281c8cf680a639	保留当前源码/文档/合同/测试/凭据；补导航即可
药衡智析_增量源码交接/public_source_candidate/docs/validation/release_20260918_26efd3a_air2/browser.json	1973	0265b7aebbaa14a384e1da0d016d83d8d362f707361c005855dc60926d9fcf4e	bb1f8985f9a8bec7fe67fc1b6577d26ab048109d	保留历史；只补索引，不建议删除
药衡智析_增量源码交接/public_source_candidate/docs/validation/release_20260918_26efd3a_air2/manifest.json	1914	551ce08475c61a2c2c44ccf470a26223d35589623f9b46a81426a34057a37b22	e1a41b83b7322f7655ac6f55deb9856cb38988b7	保留历史；只补索引，不建议删除
药衡智析_增量源码交接/public_source_candidate/docs/validation/release_20260918_26efd3a_air2/model_live.json	7561	5c089ead2e2741fe998ded3d0e3d271159a9a4b52936f4cdce73743a18f3ab90	8c71127a23ff6cb0a4f2a2497e5ab3a51f0c12b0	保留历史；只补索引，不建议删除
药衡智析_增量源码交接/public_source_candidate/docs/validation/release_20260918_26efd3a_air2/retrieval.json	1671	b62fb1c0b496fb07f01733220d1f9437ee846cca87f87171fdcb38074c2be66b	c0397e7a2d8efe01987331af4f9f6c5229330190	保留历史；只补索引，不建议删除
药衡智析_增量源码交接/public_source_candidate/docs/validation/release_20260918_26efd3a_air2/rpa.json	1643	1f8ca8b9549dc3658cfd208e8c8710f2ce92e163639796e7f6bc64e440ea7231	53ecad5dfac545db23935250620db0aecfedc553	保留历史；只补索引，不建议删除
药衡智析_增量源码交接/public_source_candidate/docs/validation/release_20260918_26efd3a_air2/verification.json	16434	35e935f62eb1ff26bdcc60b4708f0d6228f94c5f3d2b13940ad63b89c28275fd	e3bb09ffea63aaf449501af95802df49df894324	保留历史；只补索引，不建议删除
药衡智析_增量源码交接/public_source_candidate/docs/validation/release_20260918_5974275/browser.json	1990	a24f57eeb0703517ea27a8a85b1d51af77bf0111941d67ffc0b65528f00fa23d	497fd12c46b54d9cd37dbf3250b466d09f52c7ff	保留当前源码/文档/合同/测试/凭据；补导航即可
药衡智析_增量源码交接/public_source_candidate/docs/validation/release_20260918_5974275/manifest.json	1909	16889cde99b34e16baf5446e036860606c3972efcc94f03d1338ed984af95bfe	726b0a5781a5f236ca9f7fad4464ed1f20b06665	保留当前源码/文档/合同/测试/凭据；补导航即可
药衡智析_增量源码交接/public_source_candidate/docs/validation/release_20260918_5974275/model_live.json	8541	65d38db679717d59b70faf170de3dafa37cf7ca1f1aa5f7de8d6af0814ae6350	c306b94803cdec9acf9a7cab97198b1f917c0d2d	保留当前源码/文档/合同/测试/凭据；补导航即可
药衡智析_增量源码交接/public_source_candidate/docs/validation/release_20260918_5974275/retrieval.json	1666	dc9d4f102103c3599d442757a55b03d45b0f5c502629d91972bba1d66f0e4e0f	ae7cfeb22313ff3ad81ca4ba8ec4e4156ddc7022	保留当前源码/文档/合同/测试/凭据；补导航即可
药衡智析_增量源码交接/public_source_candidate/docs/validation/release_20260918_5974275/rpa.json	1638	36552d4c7e8b991e7dbbfff931ed5daa7df72459acccdb6b16d7005bf63a8a5b	4271b6376bd09a1b8af0f822eee041c5055d3911	保留当前源码/文档/合同/测试/凭据；补导航即可
药衡智析_增量源码交接/public_source_candidate/docs/validation/release_20260918_5974275/verification.json	17454	b1c82278464fae6dca2534b7827ac81ce4dfa0e68f54849917bb89272f293ccc	ae640ee88f9dc630fccfb4a7b4d76e989bf3ff04	保留当前源码/文档/合同/测试/凭据；补导航即可
药衡智析_增量源码交接/public_source_candidate/docs/validation/release_20260918_6ff894f/artifact_audit.json	5046	83f32aeec18c3bc97927320997a9cd2a1f3953a9e463e9e5a8e7cbcac5fd2707	76471b295a46f0850811123b41fe8f2796bebe75	保留当前源码/文档/合同/测试/凭据；补导航即可
药衡智析_增量源码交接/public_source_candidate/docs/validation/release_20260918_6ff894f/browser.json	4154	c9e999bcefaa082c2c1ac2296e3c9113f42df97d5883b6e8066b108967e92bea	88aebd91e941886289c6806619ae0d7812ba6ddf	保留当前源码/文档/合同/测试/凭据；补导航即可
药衡智析_增量源码交接/public_source_candidate/docs/validation/release_20260918_6ff894f/complete_archive.json	2795	e43618c0f6806277be839aaab3ce4fee5f5975779c9f9cc57f9f297639576f47	08aec2fc86bbcde65d8be906fb01d3b6ceed3776	保留当前源码/文档/合同/测试/凭据；补导航即可
药衡智析_增量源码交接/public_source_candidate/docs/validation/release_20260918_6ff894f/model_live.json	7476	0dcbd53326057a3867a6e149a782b00171da6c64fd1edd4cbf75db0fdfae8bb7	ce9027b42f033f4627140f1b26601e893cd6af40	保留当前源码/文档/合同/测试/凭据；补导航即可
药衡智析_增量源码交接/public_source_candidate/docs/validation/release_20260918_6ff894f/render_comparison.json	416	343f9f9ff56a5b6defa5d0c960464604ba7b9945a4cb5a0248becf52501c470d	7d862631e163d3fb3782dea25674d14e9e43b3ed	保留当前源码/文档/合同/测试/凭据；补导航即可
药衡智析_增量源码交接/public_source_candidate/docs/validation/release_20260918_6ff894f/retrieval.json	1603	7e0615db377f46f6cdf4b18ba178f5d9526204068c699cc7e7840557de91468c	4c481425fbf56ced34ee8ce1cadb44068da7d9af	保留当前源码/文档/合同/测试/凭据；补导航即可
药衡智析_增量源码交接/public_source_candidate/docs/validation/release_20260918_6ff894f/rpa.json	1582	ce03571057aadfb21e033024e315dde63960a712411c61287357b053ce91ee62	10c37744a39dff3e63cb33e9d6edebb259417ade	保留当前源码/文档/合同/测试/凭据；补导航即可
药衡智析_增量源码交接/public_source_candidate/docs/validation/release_20260918_6ff894f/three_step.json	721	1acd7a412e9e5469ccd8292d4639695a5f54a49d495dc253ba4479849ee98eaa	9fa3e0c4526c12b40c2b89b3a6abbbb385b39b1e	保留当前源码/文档/合同/测试/凭据；补导航即可
药衡智析_增量源码交接/public_source_candidate/docs/validation/release_20260918_6ff894f/verification.json	18628	1775134f74b53e068572735fbcdef987d7e4c7bd6ba925613f040952dfc7ee3d	1716be54e8e72d6d0916a929d131c7339925674c	保留当前源码/文档/合同/测试/凭据；补导航即可
药衡智析_增量源码交接/public_source_candidate/docs/validation/release_20260918_6ff894f/visual.json	7040	5b7b1d46eb2602b37d9fc561327862f4229c0cd708c1641a19e0142c202e6c49	7f521539bfb1d68047250e91b79ec2d9de238208	保留当前源码/文档/合同/测试/凭据；补导航即可
药衡智析_增量源码交接/public_source_candidate/docs/validation/release_20260918_bc854cc/browser.json	1955	7079dbd124cd41f885a08d47dcd6c83b532f5bd0c71b32cb9a4ad316e069efce	06a21a9ffb3fc78f9f4c4b27db2f1990af641b87	保留历史；只补索引，不建议删除
药衡智析_增量源码交接/public_source_candidate/docs/validation/release_20260918_bc854cc/manifest.json	1909	1d77bbda808aff6225614545bb92b759047aa3f1aa1f8001f71455aad0945958	416f780cdcc9d24f75d862c130481113ce94ae88	保留历史；只补索引，不建议删除
药衡智析_增量源码交接/public_source_candidate/docs/validation/release_20260918_bc854cc/model_live.json	7531	0641d2e59033e1455ad7b87a2e73818e5751f18384001fdb5761a541565529e4	1437cda282e3da261914110803d7d7c7fa69bb3b	保留历史；只补索引，不建议删除
药衡智析_增量源码交接/public_source_candidate/docs/validation/release_20260918_bc854cc/retrieval.json	1666	26c45e2662b987218d3a52500325ffd14741dfa5c774342416f269b0cfae33fa	b0a0e1f40cc9e072c6ce5f708e4eae69d5167a90	保留历史；只补索引，不建议删除
药衡智析_增量源码交接/public_source_candidate/docs/validation/release_20260918_bc854cc/rpa.json	1638	548042864803d2fa0d38f3281bea758e077d080e2a020b1fe1f6ad972d2393dd	5c5e3b80cf723c9f564d74853683c2c568f42070	保留历史；只补索引，不建议删除
药衡智析_增量源码交接/public_source_candidate/docs/validation/release_20260918_bc854cc/verification.json	16373	60c80ca9d9f9b3e361eb291335436b0c71d507ca0ee23b17b4f9bc4603e0255c	af64889a5f2b49c3b1a4d240657c3e081514bc37	保留历史；只补索引，不建议删除
